iso3,year,dtp3
AFG,2000,24
AFG,2001,33
AFG,2002,36
AFG,2003,41
AFG,2004,50
AFG,2005,58
AFG,2006,58
AFG,2007,63
AFG,2008,64
AFG,2009,63
AFG,2010,66
AFG,2011,68
AFG,2012,67
AFG,2013,64
AFG,2014,62
AFG,2015,64
AFG,2016,66
AFG,2017,64
AFG,2018,68
AFG,2019,65
AFG,2020,61
AFG,2021,55
AFG,2022,58
AFG,2023,60
AFG,2024,59
AGO,2000,31
AGO,2001,42
AGO,2002,47
AGO,2003,46
AGO,2004,47
AGO,2005,47
AGO,2006,44
AGO,2007,43
AGO,2008,45
AGO,2009,47
AGO,2010,49
AGO,2011,50
AGO,2012,52
AGO,2013,54
AGO,2014,55
AGO,2015,57
AGO,2016,59
AGO,2017,58
AGO,2018,67
AGO,2019,64
AGO,2020,59
AGO,2021,55
AGO,2022,54
AGO,2023,66
AGO,2024,64
ALB,2000,97
ALB,2001,97
ALB,2002,98
ALB,2003,97
ALB,2004,97
ALB,2005,98
ALB,2006,97
ALB,2007,98
ALB,2008,99
ALB,2009,98
ALB,2010,99
ALB,2011,99
ALB,2012,99
ALB,2013,99
ALB,2014,99
ALB,2015,99
ALB,2016,99
ALB,2017,99
ALB,2018,99
ALB,2019,99
ALB,2020,98
ALB,2021,98
ALB,2022,97
ALB,2023,97
ALB,2024,97
AND,2000,98
AND,2001,96
AND,2002,97
AND,2003,99
AND,2004,99
AND,2005,98
AND,2006,93
AND,2007,96
AND,2008,99
AND,2009,99
AND,2010,99
AND,2011,99
AND,2012,99
AND,2013,96
AND,2014,97
AND,2015,97
AND,2016,98
AND,2017,99
AND,2018,99
AND,2019,99
AND,2020,99
AND,2021,99
AND,2022,98
AND,2023,98
AND,2024,98
ARE,2000,94
ARE,2001,94
ARE,2002,94
ARE,2003,94
ARE,2004,94
ARE,2005,94
ARE,2006,92
ARE,2007,92
ARE,2008,92
ARE,2009,93
ARE,2010,94
ARE,2011,95
ARE,2012,96
ARE,2013,98
ARE,2014,99
ARE,2015,99
ARE,2016,99
ARE,2017,97
ARE,2018,99
ARE,2019,99
ARE,2020,90
ARE,2021,96
ARE,2022,96
ARE,2023,96
ARE,2024,96
ARG,2000,83
ARG,2001,83
ARG,2002,93
ARG,2003,96
ARG,2004,98
ARG,2005,98
ARG,2006,91
ARG,2007,91
ARG,2008,93
ARG,2009,94
ARG,2010,94
ARG,2011,91
ARG,2012,91
ARG,2013,94
ARG,2014,94
ARG,2015,94
ARG,2016,92
ARG,2017,88
ARG,2018,86
ARG,2019,83
ARG,2020,74
ARG,2021,81
ARG,2022,84
ARG,2023,66
ARG,2024,75
ARM,2000,93
ARM,2001,94
ARM,2002,94
ARM,2003,94
ARM,2004,91
ARM,2005,90
ARM,2006,87
ARM,2007,88
ARM,2008,89
ARM,2009,93
ARM,2010,94
ARM,2011,95
ARM,2012,95
ARM,2013,95
ARM,2014,93
ARM,2015,94
ARM,2016,94
ARM,2017,94
ARM,2018,92
ARM,2019,92
ARM,2020,91
ARM,2021,93
ARM,2022,93
ARM,2023,94
ARM,2024,94
ATG,2000,95
ATG,2001,97
ATG,2002,98
ATG,2003,99
ATG,2004,97
ATG,2005,99
ATG,2006,99
ATG,2007,99
ATG,2008,99
ATG,2009,99
ATG,2010,98
ATG,2011,99
ATG,2012,98
ATG,2013,99
ATG,2014,99
ATG,2015,99
ATG,2016,92
ATG,2017,95
ATG,2018,95
ATG,2019,99
ATG,2020,96
ATG,2021,92
ATG,2022,99
ATG,2023,97
ATG,2024,99
AUS,2000,90
AUS,2001,92
AUS,2002,92
AUS,2003,93
AUS,2004,92
AUS,2005,92
AUS,2006,92
AUS,2007,92
AUS,2008,92
AUS,2009,92
AUS,2010,92
AUS,2011,92
AUS,2012,92
AUS,2013,91
AUS,2014,92
AUS,2015,93
AUS,2016,94
AUS,2017,95
AUS,2018,95
AUS,2019,95
AUS,2020,95
AUS,2021,95
AUS,2022,94
AUS,2023,94
AUS,2024,93
AUT,2000,81
AUT,2001,84
AUT,2002,83
AUT,2003,84
AUT,2004,83
AUT,2005,86
AUT,2006,83
AUT,2007,85
AUT,2008,83
AUT,2009,83
AUT,2010,86
AUT,2011,89
AUT,2012,92
AUT,2013,95
AUT,2014,98
AUT,2015,93
AUT,2016,87
AUT,2017,90
AUT,2018,85
AUT,2019,88
AUT,2020,85
AUT,2021,86
AUT,2022,84
AUT,2023,87
AUT,2024,85
AZE,2000,76
AZE,2001,77
AZE,2002,76
AZE,2003,77
AZE,2004,77
AZE,2005,75
AZE,2006,78
AZE,2007,79
AZE,2008,81
AZE,2009,81
AZE,2010,81
AZE,2011,82
AZE,2012,79
AZE,2013,78
AZE,2014,78
AZE,2015,79
AZE,2016,78
AZE,2017,76
AZE,2018,74
AZE,2019,74
AZE,2020,56
AZE,2021,49
AZE,2022,51
AZE,2023,51
AZE,2024,51
BDI,2000,80
BDI,2001,81
BDI,2002,81
BDI,2003,82
BDI,2004,83
BDI,2005,87
BDI,2006,92
BDI,2007,99
BDI,2008,92
BDI,2009,94
BDI,2010,96
BDI,2011,96
BDI,2012,96
BDI,2013,96
BDI,2014,95
BDI,2015,94
BDI,2016,94
BDI,2017,91
BDI,2018,90
BDI,2019,93
BDI,2020,93
BDI,2021,94
BDI,2022,91
BDI,2023,89
BDI,2024,89
BEL,2000,95
BEL,2001,95
BEL,2002,95
BEL,2003,95
BEL,2004,95
BEL,2005,97
BEL,2006,98
BEL,2007,98
BEL,2008,99
BEL,2009,98
BEL,2010,98
BEL,2011,98
BEL,2012,99
BEL,2013,99
BEL,2014,99
BEL,2015,99
BEL,2016,98
BEL,2017,98
BEL,2018,98
BEL,2019,97
BEL,2020,98
BEL,2021,98
BEL,2022,98
BEL,2023,98
BEL,2024,97
BEN,2000,78
BEN,2001,76
BEN,2002,75
BEN,2003,73
BEN,2004,72
BEN,2005,70
BEN,2006,74
BEN,2007,82
BEN,2008,75
BEN,2009,79
BEN,2010,76
BEN,2011,75
BEN,2012,80
BEN,2013,77
BEN,2014,74
BEN,2015,74
BEN,2016,78
BEN,2017,76
BEN,2018,74
BEN,2019,72
BEN,2020,70
BEN,2021,70
BEN,2022,69
BEN,2023,69
BEN,2024,63
BFA,2000,45
BFA,2001,62
BFA,2002,69
BFA,2003,79
BFA,2004,79
BFA,2005,82
BFA,2006,86
BFA,2007,89
BFA,2008,93
BFA,2009,92
BFA,2010,91
BFA,2011,91
BFA,2012,90
BFA,2013,88
BFA,2014,91
BFA,2015,91
BFA,2016,91
BFA,2017,91
BFA,2018,91
BFA,2019,91
BFA,2020,91
BFA,2021,91
BFA,2022,91
BFA,2023,91
BFA,2024,91
BGD,2000,82
BGD,2001,85
BGD,2002,83
BGD,2003,87
BGD,2004,99
BGD,2005,93
BGD,2006,94
BGD,2007,94
BGD,2008,96
BGD,2009,97
BGD,2010,94
BGD,2011,96
BGD,2012,94
BGD,2013,96
BGD,2014,97
BGD,2015,98
BGD,2016,98
BGD,2017,98
BGD,2018,98
BGD,2019,98
BGD,2020,97
BGD,2021,97
BGD,2022,97
BGD,2023,97
BGD,2024,97
BGR,2000,93
BGR,2001,94
BGR,2002,93
BGR,2003,96
BGR,2004,95
BGR,2005,96
BGR,2006,95
BGR,2007,95
BGR,2008,95
BGR,2009,94
BGR,2010,94
BGR,2011,95
BGR,2012,95
BGR,2013,95
BGR,2014,88
BGR,2015,91
BGR,2016,92
BGR,2017,92
BGR,2018,92
BGR,2019,93
BGR,2020,91
BGR,2021,89
BGR,2022,91
BGR,2023,92
BGR,2024,94
BHR,2000,97
BHR,2001,99
BHR,2002,98
BHR,2003,97
BHR,2004,98
BHR,2005,98
BHR,2006,98
BHR,2007,97
BHR,2008,97
BHR,2009,98
BHR,2010,99
BHR,2011,99
BHR,2012,99
BHR,2013,99
BHR,2014,99
BHR,2015,98
BHR,2016,99
BHR,2017,97
BHR,2018,99
BHR,2019,99
BHR,2020,98
BHR,2021,98
BHR,2022,97
BHR,2023,99
BHR,2024,96
BHS,2000,99
BHS,2001,99
BHS,2002,94
BHS,2003,92
BHS,2004,93
BHS,2005,93
BHS,2006,95
BHS,2007,95
BHS,2008,93
BHS,2009,96
BHS,2010,99
BHS,2011,98
BHS,2012,98
BHS,2013,97
BHS,2014,96
BHS,2015,95
BHS,2016,94
BHS,2017,94
BHS,2018,90
BHS,2019,89
BHS,2020,83
BHS,2021,86
BHS,2022,87
BHS,2023,87
BHS,2024,90
BIH,2000,85
BIH,2001,91
BIH,2002,80
BIH,2003,87
BIH,2004,84
BIH,2005,93
BIH,2006,87
BIH,2007,95
BIH,2008,91
BIH,2009,90
BIH,2010,89
BIH,2011,88
BIH,2012,92
BIH,2013,89
BIH,2014,86
BIH,2015,82
BIH,2016,78
BIH,2017,75
BIH,2018,73
BIH,2019,80
BIH,2020,78
BIH,2021,76
BIH,2022,75
BIH,2023,73
BIH,2024,79
BLR,2000,99
BLR,2001,99
BLR,2002,99
BLR,2003,50
BLR,2004,99
BLR,2005,99
BLR,2006,99
BLR,2007,95
BLR,2008,97
BLR,2009,96
BLR,2010,98
BLR,2011,98
BLR,2012,98
BLR,2013,98
BLR,2014,97
BLR,2015,99
BLR,2016,98
BLR,2017,97
BLR,2018,97
BLR,2019,98
BLR,2020,97
BLR,2021,98
BLR,2022,98
BLR,2023,98
BLR,2024,98
BLZ,2000,91
BLZ,2001,96
BLZ,2002,89
BLZ,2003,96
BLZ,2004,97
BLZ,2005,96
BLZ,2006,98
BLZ,2007,96
BLZ,2008,94
BLZ,2009,97
BLZ,2010,96
BLZ,2011,95
BLZ,2012,98
BLZ,2013,95
BLZ,2014,95
BLZ,2015,94
BLZ,2016,95
BLZ,2017,88
BLZ,2018,96
BLZ,2019,98
BLZ,2020,79
BLZ,2021,83
BLZ,2022,84
BLZ,2023,85
BLZ,2024,88
BOL,2000,75
BOL,2001,71
BOL,2002,77
BOL,2003,88
BOL,2004,84
BOL,2005,85
BOL,2006,83
BOL,2007,84
BOL,2008,88
BOL,2009,93
BOL,2010,91
BOL,2011,95
BOL,2012,93
BOL,2013,86
BOL,2014,85
BOL,2015,89
BOL,2016,87
BOL,2017,84
BOL,2018,83
BOL,2019,75
BOL,2020,68
BOL,2021,70
BOL,2022,69
BOL,2023,67
BOL,2024,59
BRA,2000,98
BRA,2001,98
BRA,2002,99
BRA,2003,99
BRA,2004,99
BRA,2005,99
BRA,2006,99
BRA,2007,99
BRA,2008,99
BRA,2009,99
BRA,2010,99
BRA,2011,99
BRA,2012,95
BRA,2013,97
BRA,2014,93
BRA,2015,96
BRA,2016,89
BRA,2017,83
BRA,2018,87
BRA,2019,70
BRA,2020,77
BRA,2021,68
BRA,2022,77
BRA,2023,90
BRA,2024,91
BRB,2000,93
BRB,2001,84
BRB,2002,87
BRB,2003,89
BRB,2004,93
BRB,2005,92
BRB,2006,84
BRB,2007,93
BRB,2008,85
BRB,2009,93
BRB,2010,86
BRB,2011,91
BRB,2012,87
BRB,2013,91
BRB,2014,94
BRB,2015,97
BRB,2016,97
BRB,2017,90
BRB,2018,95
BRB,2019,90
BRB,2020,85
BRB,2021,82
BRB,2022,86
BRB,2023,85
BRB,2024,94
BRN,2000,99
BRN,2001,97
BRN,2002,94
BRN,2003,92
BRN,2004,92
BRN,2005,94
BRN,2006,97
BRN,2007,99
BRN,2008,98
BRN,2009,99
BRN,2010,95
BRN,2011,97
BRN,2012,95
BRN,2013,99
BRN,2014,99
BRN,2015,99
BRN,2016,99
BRN,2017,99
BRN,2018,99
BRN,2019,99
BRN,2020,99
BRN,2021,99
BRN,2022,99
BRN,2023,99
BRN,2024,99
BTN,2000,92
BTN,2001,88
BTN,2002,86
BTN,2003,95
BTN,2004,89
BTN,2005,95
BTN,2006,95
BTN,2007,95
BTN,2008,96
BTN,2009,93
BTN,2010,91
BTN,2011,95
BTN,2012,97
BTN,2013,97
BTN,2014,99
BTN,2015,99
BTN,2016,98
BTN,2017,98
BTN,2018,97
BTN,2019,97
BTN,2020,95
BTN,2021,98
BTN,2022,98
BTN,2023,99
BTN,2024,98
BWA,2000,97
BWA,2001,97
BWA,2002,97
BWA,2003,96
BWA,2004,96
BWA,2005,96
BWA,2006,96
BWA,2007,96
BWA,2008,96
BWA,2009,96
BWA,2010,95
BWA,2011,95
BWA,2012,95
BWA,2013,95
BWA,2014,95
BWA,2015,95
BWA,2016,95
BWA,2017,95
BWA,2018,95
BWA,2019,95
BWA,2020,95
BWA,2021,95
BWA,2022,86
BWA,2023,95
BWA,2024,95
CAF,2000,37
CAF,2001,40
CAF,2002,44
CAF,2003,47
CAF,2004,51
CAF,2005,54
CAF,2006,51
CAF,2007,48
CAF,2008,45
CAF,2009,42
CAF,2010,45
CAF,2011,47
CAF,2012,47
CAF,2013,23
CAF,2014,45
CAF,2015,43
CAF,2016,42
CAF,2017,42
CAF,2018,40
CAF,2019,38
CAF,2020,37
CAF,2021,35
CAF,2022,33
CAF,2023,40
CAF,2024,42
CAN,2000,89
CAN,2001,89
CAN,2002,88
CAN,2003,91
CAN,2004,91
CAN,2005,93
CAN,2006,95
CAN,2007,94
CAN,2008,92
CAN,2009,91
CAN,2010,89
CAN,2011,87
CAN,2012,91
CAN,2013,91
CAN,2014,91
CAN,2015,91
CAN,2016,91
CAN,2017,91
CAN,2018,91
CAN,2019,91
CAN,2020,92
CAN,2021,92
CAN,2022,92
CAN,2023,92
CAN,2024,92
CHE,2000,93
CHE,2001,93
CHE,2002,93
CHE,2003,93
CHE,2004,93
CHE,2005,94
CHE,2006,94
CHE,2007,94
CHE,2008,95
CHE,2009,95
CHE,2010,95
CHE,2011,96
CHE,2012,96
CHE,2013,96
CHE,2014,96
CHE,2015,96
CHE,2016,96
CHE,2017,96
CHE,2018,96
CHE,2019,96
CHE,2020,97
CHE,2021,96
CHE,2022,96
CHE,2023,95
CHE,2024,96
CHL,2000,91
CHL,2001,97
CHL,2002,97
CHL,2003,96
CHL,2004,93
CHL,2005,91
CHL,2006,94
CHL,2007,96
CHL,2008,95
CHL,2009,94
CHL,2010,92
CHL,2011,94
CHL,2012,90
CHL,2013,91
CHL,2014,95
CHL,2015,96
CHL,2016,95
CHL,2017,93
CHL,2018,95
CHL,2019,96
CHL,2020,93
CHL,2021,95
CHL,2022,96
CHL,2023,96
CHL,2024,95
CHN,2000,85
CHN,2001,86
CHN,2002,86
CHN,2003,86
CHN,2004,87
CHN,2005,87
CHN,2006,93
CHN,2007,93
CHN,2008,97
CHN,2009,99
CHN,2010,99
CHN,2011,99
CHN,2012,99
CHN,2013,99
CHN,2014,99
CHN,2015,99
CHN,2016,99
CHN,2017,99
CHN,2018,99
CHN,2019,99
CHN,2020,99
CHN,2021,99
CHN,2022,99
CHN,2023,96
CHN,2024,97
CIV,2000,65
CIV,2001,66
CIV,2002,65
CIV,2003,62
CIV,2004,68
CIV,2005,77
CIV,2006,77
CIV,2007,76
CIV,2008,74
CIV,2009,81
CIV,2010,78
CIV,2011,61
CIV,2012,82
CIV,2013,75
CIV,2014,73
CIV,2015,79
CIV,2016,87
CIV,2017,83
CIV,2018,83
CIV,2019,79
CIV,2020,72
CIV,2021,73
CIV,2022,73
CIV,2023,79
CIV,2024,77
CMR,2000,62
CMR,2001,63
CMR,2002,66
CMR,2003,73
CMR,2004,73
CMR,2005,80
CMR,2006,81
CMR,2007,82
CMR,2008,84
CMR,2009,80
CMR,2010,84
CMR,2011,81
CMR,2012,79
CMR,2013,76
CMR,2014,76
CMR,2015,76
CMR,2016,78
CMR,2017,74
CMR,2018,68
CMR,2019,67
CMR,2020,68
CMR,2021,71
CMR,2022,71
CMR,2023,75
CMR,2024,77
COD,2000,30
COD,2001,30
COD,2002,38
COD,2003,42
COD,2004,54
COD,2005,61
COD,2006,62
COD,2007,65
COD,2008,68
COD,2009,71
COD,2010,60
COD,2011,70
COD,2012,71
COD,2013,71
COD,2014,73
COD,2015,70
COD,2016,70
COD,2017,71
COD,2018,71
COD,2019,73
COD,2020,70
COD,2021,65
COD,2022,65
COD,2023,60
COD,2024,65
COG,2000,33
COG,2001,31
COG,2002,41
COG,2003,50
COG,2004,67
COG,2005,63
COG,2006,74
COG,2007,73
COG,2008,80
COG,2009,80
COG,2010,76
COG,2011,83
COG,2012,85
COG,2013,85
COG,2014,90
COG,2015,80
COG,2016,71
COG,2017,69
COG,2018,75
COG,2019,79
COG,2020,73
COG,2021,77
COG,2022,78
COG,2023,78
COG,2024,78
COK,2000,92
COK,2001,90
COK,2002,97
COK,2003,96
COK,2004,99
COK,2005,99
COK,2006,99
COK,2007,99
COK,2008,99
COK,2009,82
COK,2010,99
COK,2011,93
COK,2012,98
COK,2013,98
COK,2014,99
COK,2015,99
COK,2016,99
COK,2017,99
COK,2018,99
COK,2019,98
COK,2020,89
COK,2021,81
COK,2022,72
COK,2023,86
COK,2024,75
COL,2000,79
COL,2001,80
COL,2002,81
COL,2003,92
COL,2004,89
COL,2005,93
COL,2006,93
COL,2007,94
COL,2008,92
COL,2009,92
COL,2010,88
COL,2011,85
COL,2012,92
COL,2013,91
COL,2014,90
COL,2015,91
COL,2016,91
COL,2017,92
COL,2018,92
COL,2019,94
COL,2020,88
COL,2021,87
COL,2022,87
COL,2023,90
COL,2024,89
COM,2000,70
COM,2001,70
COM,2002,89
COM,2003,80
COM,2004,76
COM,2005,68
COM,2006,69
COM,2007,75
COM,2008,81
COM,2009,83
COM,2010,74
COM,2011,83
COM,2012,86
COM,2013,83
COM,2014,80
COM,2015,80
COM,2016,75
COM,2017,79
COM,2018,77
COM,2019,78
COM,2020,74
COM,2021,72
COM,2022,78
COM,2023,75
COM,2024,75
CPV,2000,90
CPV,2001,90
CPV,2002,91
CPV,2003,92
CPV,2004,93
CPV,2005,95
CPV,2006,96
CPV,2007,98
CPV,2008,99
CPV,2009,99
CPV,2010,99
CPV,2011,90
CPV,2012,94
CPV,2013,93
CPV,2014,95
CPV,2015,93
CPV,2016,96
CPV,2017,96
CPV,2018,98
CPV,2019,96
CPV,2020,93
CPV,2021,93
CPV,2022,93
CPV,2023,93
CPV,2024,93
CRI,2000,88
CRI,2001,91
CRI,2002,94
CRI,2003,88
CRI,2004,90
CRI,2005,91
CRI,2006,89
CRI,2007,89
CRI,2008,90
CRI,2009,86
CRI,2010,88
CRI,2011,85
CRI,2012,91
CRI,2013,95
CRI,2014,91
CRI,2015,92
CRI,2016,97
CRI,2017,96
CRI,2018,94
CRI,2019,95
CRI,2020,97
CRI,2021,93
CRI,2022,95
CRI,2023,99
CRI,2024,99
CUB,2000,95
CUB,2001,98
CUB,2002,99
CUB,2003,72
CUB,2004,88
CUB,2005,89
CUB,2006,89
CUB,2007,93
CUB,2008,95
CUB,2009,96
CUB,2010,96
CUB,2011,97
CUB,2012,99
CUB,2013,99
CUB,2014,99
CUB,2015,99
CUB,2016,99
CUB,2017,99
CUB,2018,99
CUB,2019,99
CUB,2020,99
CUB,2021,99
CUB,2022,99
CUB,2023,99
CUB,2024,99
CYP,2000,97
CYP,2001,97
CYP,2002,98
CYP,2003,98
CYP,2004,98
CYP,2005,98
CYP,2006,97
CYP,2007,97
CYP,2008,97
CYP,2009,99
CYP,2010,99
CYP,2011,99
CYP,2012,99
CYP,2013,99
CYP,2014,99
CYP,2015,97
CYP,2016,97
CYP,2017,97
CYP,2018,99
CYP,2019,96
CYP,2020,96
CYP,2021,96
CYP,2022,96
CYP,2023,95
CYP,2024,94
CZE,2000,98
CZE,2001,98
CZE,2002,98
CZE,2003,97
CZE,2004,98
CZE,2005,97
CZE,2006,98
CZE,2007,99
CZE,2008,99
CZE,2009,99
CZE,2010,99
CZE,2011,99
CZE,2012,99
CZE,2013,98
CZE,2014,97
CZE,2015,97
CZE,2016,96
CZE,2017,96
CZE,2018,97
CZE,2019,97
CZE,2020,97
CZE,2021,94
CZE,2022,94
CZE,2023,90
CZE,2024,86
DEU,2000,90
DEU,2001,93
DEU,2002,93
DEU,2003,97
DEU,2004,96
DEU,2005,96
DEU,2006,96
DEU,2007,96
DEU,2008,96
DEU,2009,96
DEU,2010,96
DEU,2011,95
DEU,2012,95
DEU,2013,93
DEU,2014,93
DEU,2015,93
DEU,2016,91
DEU,2017,91
DEU,2018,91
DEU,2019,91
DEU,2020,91
DEU,2021,92
DEU,2022,89
DEU,2023,89
DEU,2024,89
DJI,2000,46
DJI,2001,53
DJI,2002,62
DJI,2003,68
DJI,2004,64
DJI,2005,71
DJI,2006,72
DJI,2007,88
DJI,2008,89
DJI,2009,89
DJI,2010,88
DJI,2011,87
DJI,2012,81
DJI,2013,82
DJI,2014,78
DJI,2015,84
DJI,2016,68
DJI,2017,76
DJI,2018,84
DJI,2019,85
DJI,2020,70
DJI,2021,59
DJI,2022,59
DJI,2023,72
DJI,2024,77
DMA,2000,99
DMA,2001,99
DMA,2002,98
DMA,2003,99
DMA,2004,99
DMA,2005,98
DMA,2006,95
DMA,2007,96
DMA,2008,96
DMA,2009,99
DMA,2010,98
DMA,2011,98
DMA,2012,97
DMA,2013,97
DMA,2014,97
DMA,2015,98
DMA,2016,99
DMA,2017,91
DMA,2018,94
DMA,2019,99
DMA,2020,96
DMA,2021,92
DMA,2022,82
DMA,2023,56
DMA,2024,90
DNK,2000,97
DNK,2001,97
DNK,2002,98
DNK,2003,96
DNK,2004,95
DNK,2005,93
DNK,2006,93
DNK,2007,87
DNK,2008,88
DNK,2009,89
DNK,2010,90
DNK,2011,91
DNK,2012,94
DNK,2013,94
DNK,2014,94
DNK,2015,93
DNK,2016,94
DNK,2017,98
DNK,2018,97
DNK,2019,97
DNK,2020,97
DNK,2021,97
DNK,2022,97
DNK,2023,97
DNK,2024,96
DOM,2000,78
DOM,2001,72
DOM,2002,82
DOM,2003,79
DOM,2004,79
DOM,2005,87
DOM,2006,89
DOM,2007,85
DOM,2008,82
DOM,2009,82
DOM,2010,88
DOM,2011,84
DOM,2012,85
DOM,2013,83
DOM,2014,91
DOM,2015,85
DOM,2016,87
DOM,2017,84
DOM,2018,87
DOM,2019,89
DOM,2020,82
DOM,2021,84
DOM,2022,88
DOM,2023,90
DOM,2024,87
DZA,2000,86
DZA,2001,89
DZA,2002,86
DZA,2003,87
DZA,2004,86
DZA,2005,88
DZA,2006,95
DZA,2007,95
DZA,2008,93
DZA,2009,95
DZA,2010,95
DZA,2011,95
DZA,2012,95
DZA,2013,95
DZA,2014,95
DZA,2015,95
DZA,2016,91
DZA,2017,91
DZA,2018,91
DZA,2019,88
DZA,2020,84
DZA,2021,81
DZA,2022,77
DZA,2023,92
DZA,2024,92
ECU,2000,87
ECU,2001,89
ECU,2002,88
ECU,2003,87
ECU,2004,88
ECU,2005,92
ECU,2006,96
ECU,2007,96
ECU,2008,96
ECU,2009,94
ECU,2010,91
ECU,2011,88
ECU,2012,87
ECU,2013,87
ECU,2014,83
ECU,2015,78
ECU,2016,83
ECU,2017,85
ECU,2018,85
ECU,2019,85
ECU,2020,70
ECU,2021,72
ECU,2022,70
ECU,2023,70
ECU,2024,70
EGY,2000,98
EGY,2001,99
EGY,2002,97
EGY,2003,98
EGY,2004,97
EGY,2005,98
EGY,2006,98
EGY,2007,98
EGY,2008,97
EGY,2009,97
EGY,2010,97
EGY,2011,96
EGY,2012,93
EGY,2013,97
EGY,2014,94
EGY,2015,93
EGY,2016,95
EGY,2017,94
EGY,2018,95
EGY,2019,95
EGY,2020,94
EGY,2021,96
EGY,2022,97
EGY,2023,96
EGY,2024,97
ERI,2000,81
ERI,2001,86
ERI,2002,90
ERI,2003,93
ERI,2004,98
ERI,2005,96
ERI,2006,94
ERI,2007,95
ERI,2008,95
ERI,2009,95
ERI,2010,95
ERI,2011,94
ERI,2012,94
ERI,2013,94
ERI,2014,94
ERI,2015,95
ERI,2016,95
ERI,2017,95
ERI,2018,95
ERI,2019,95
ERI,2020,95
ERI,2021,95
ERI,2022,95
ERI,2023,95
ERI,2024,95
ESP,2000,95
ESP,2001,96
ESP,2002,98
ESP,2003,98
ESP,2004,97
ESP,2005,96
ESP,2006,98
ESP,2007,96
ESP,2008,97
ESP,2009,96
ESP,2010,97
ESP,2011,97
ESP,2012,96
ESP,2013,96
ESP,2014,97
ESP,2015,97
ESP,2016,97
ESP,2017,95
ESP,2018,96
ESP,2019,95
ESP,2020,94
ESP,2021,93
ESP,2022,95
ESP,2023,93
ESP,2024,94
EST,2000,93
EST,2001,94
EST,2002,94
EST,2003,94
EST,2004,94
EST,2005,96
EST,2006,95
EST,2007,95
EST,2008,95
EST,2009,95
EST,2010,94
EST,2011,93
EST,2012,94
EST,2013,94
EST,2014,93
EST,2015,93
EST,2016,93
EST,2017,93
EST,2018,92
EST,2019,91
EST,2020,91
EST,2021,90
EST,2022,87
EST,2023,84
EST,2024,81
ETH,2000,30
ETH,2001,32
ETH,2002,35
ETH,2003,37
ETH,2004,39
ETH,2005,43
ETH,2006,46
ETH,2007,50
ETH,2008,54
ETH,2009,58
ETH,2010,61
ETH,2011,65
ETH,2012,61
ETH,2013,59
ETH,2014,61
ETH,2015,62
ETH,2016,64
ETH,2017,65
ETH,2018,62
ETH,2019,61
ETH,2020,62
ETH,2021,63
ETH,2022,63
ETH,2023,70
ETH,2024,73
FIN,2000,99
FIN,2001,98
FIN,2002,98
FIN,2003,98
FIN,2004,98
FIN,2005,97
FIN,2006,97
FIN,2007,99
FIN,2008,99
FIN,2009,99
FIN,2010,99
FIN,2011,99
FIN,2012,99
FIN,2013,98
FIN,2014,98
FIN,2015,97
FIN,2016,92
FIN,2017,89
FIN,2018,91
FIN,2019,91
FIN,2020,89
FIN,2021,89
FIN,2022,91
FIN,2023,91
FIN,2024,91
FJI,2000,90
FJI,2001,91
FJI,2002,93
FJI,2003,94
FJI,2004,95
FJI,2005,96
FJI,2006,98
FJI,2007,99
FJI,2008,99
FJI,2009,99
FJI,2010,99
FJI,2011,99
FJI,2012,99
FJI,2013,99
FJI,2014,99
FJI,2015,99
FJI,2016,95
FJI,2017,91
FJI,2018,94
FJI,2019,97
FJI,2020,97
FJI,2021,98
FJI,2022,96
FJI,2023,97
FJI,2024,94
FRA,2000,97
FRA,2001,97
FRA,2002,97
FRA,2003,97
FRA,2004,98
FRA,2005,98
FRA,2006,99
FRA,2007,99
FRA,2008,99
FRA,2009,98
FRA,2010,99
FRA,2011,99
FRA,2012,99
FRA,2013,88
FRA,2014,92
FRA,2015,96
FRA,2016,95
FRA,2017,95
FRA,2018,95
FRA,2019,95
FRA,2020,96
FRA,2021,96
FRA,2022,96
FRA,2023,96
FRA,2024,96
FSM,2000,85
FSM,2001,75
FSM,2002,84
FSM,2003,92
FSM,2004,78
FSM,2005,94
FSM,2006,67
FSM,2007,79
FSM,2008,85
FSM,2009,91
FSM,2010,85
FSM,2011,84
FSM,2012,81
FSM,2013,81
FSM,2014,77
FSM,2015,72
FSM,2016,69
FSM,2017,73
FSM,2018,75
FSM,2019,78
FSM,2020,83
FSM,2021,72
FSM,2022,69
FSM,2023,79
FSM,2024,76
GAB,2000,45
GAB,2001,45
GAB,2002,45
GAB,2003,45
GAB,2004,45
GAB,2005,45
GAB,2006,45
GAB,2007,81
GAB,2008,82
GAB,2009,76
GAB,2010,67
GAB,2011,75
GAB,2012,82
GAB,2013,79
GAB,2014,70
GAB,2015,80
GAB,2016,75
GAB,2017,75
GAB,2018,70
GAB,2019,70
GAB,2020,63
GAB,2021,75
GAB,2022,60
GAB,2023,70
GAB,2024,61
GBR,2000,91
GBR,2001,91
GBR,2002,91
GBR,2003,91
GBR,2004,92
GBR,2005,91
GBR,2006,92
GBR,2007,92
GBR,2008,92
GBR,2009,93
GBR,2010,94
GBR,2011,95
GBR,2012,95
GBR,2013,95
GBR,2014,95
GBR,2015,95
GBR,2016,94
GBR,2017,94
GBR,2018,94
GBR,2019,93
GBR,2020,93
GBR,2021,93
GBR,2022,92
GBR,2023,92
GBR,2024,92
GEO,2000,80
GEO,2001,87
GEO,2002,84
GEO,2003,75
GEO,2004,78
GEO,2005,82
GEO,2006,88
GEO,2007,98
GEO,2008,92
GEO,2009,88
GEO,2010,92
GEO,2011,94
GEO,2012,92
GEO,2013,93
GEO,2014,91
GEO,2015,94
GEO,2016,92
GEO,2017,91
GEO,2018,93
GEO,2019,94
GEO,2020,88
GEO,2021,85
GEO,2022,85
GEO,2023,88
GEO,2024,86
GHA,2000,88
GHA,2001,79
GHA,2002,78
GHA,2003,80
GHA,2004,80
GHA,2005,84
GHA,2006,84
GHA,2007,94
GHA,2008,93
GHA,2009,94
GHA,2010,94
GHA,2011,91
GHA,2012,92
GHA,2013,90
GHA,2014,98
GHA,2015,89
GHA,2016,93
GHA,2017,99
GHA,2018,97
GHA,2019,97
GHA,2020,94
GHA,2021,98
GHA,2022,99
GHA,2023,95
GHA,2024,95
GIN,2000,46
GIN,2001,50
GIN,2002,53
GIN,2003,57
GIN,2004,60
GIN,2005,59
GIN,2006,57
GIN,2007,63
GIN,2008,60
GIN,2009,57
GIN,2010,64
GIN,2011,63
GIN,2012,59
GIN,2013,56
GIN,2014,52
GIN,2015,48
GIN,2016,47
GIN,2017,49
GIN,2018,51
GIN,2019,53
GIN,2020,54
GIN,2021,56
GIN,2022,58
GIN,2023,60
GIN,2024,63
GMB,2000,80
GMB,2001,87
GMB,2002,87
GMB,2003,87
GMB,2004,87
GMB,2005,95
GMB,2006,95
GMB,2007,95
GMB,2008,96
GMB,2009,98
GMB,2010,97
GMB,2011,96
GMB,2012,98
GMB,2013,97
GMB,2014,96
GMB,2015,97
GMB,2016,95
GMB,2017,92
GMB,2018,93
GMB,2019,88
GMB,2020,85
GMB,2021,82
GMB,2022,79
GMB,2023,84
GMB,2024,80
GNB,2000,49
GNB,2001,53
GNB,2002,57
GNB,2003,60
GNB,2004,64
GNB,2005,68
GNB,2006,71
GNB,2007,74
GNB,2008,77
GNB,2009,80
GNB,2010,83
GNB,2011,86
GNB,2012,87
GNB,2013,87
GNB,2014,86
GNB,2015,86
GNB,2016,85
GNB,2017,79
GNB,2018,82
GNB,2019,78
GNB,2020,74
GNB,2021,67
GNB,2022,74
GNB,2023,74
GNB,2024,68
GNQ,2000,35
GNQ,2001,37
GNQ,2002,39
GNQ,2003,41
GNQ,2004,43
GNQ,2005,44
GNQ,2006,46
GNQ,2007,48
GNQ,2008,50
GNQ,2009,52
GNQ,2010,54
GNQ,2011,54
GNQ,2012,54
GNQ,2013,53
GNQ,2014,53
GNQ,2015,40
GNQ,2016,53
GNQ,2017,56
GNQ,2018,59
GNQ,2019,62
GNQ,2020,64
GNQ,2021,67
GNQ,2022,70
GNQ,2023,74
GNQ,2024,68
GRC,2000,89
GRC,2001,91
GRC,2002,92
GRC,2003,94
GRC,2004,95
GRC,2005,96
GRC,2006,98
GRC,2007,99
GRC,2008,99
GRC,2009,99
GRC,2010,99
GRC,2011,99
GRC,2012,99
GRC,2013,99
GRC,2014,99
GRC,2015,99
GRC,2016,99
GRC,2017,99
GRC,2018,99
GRC,2019,99
GRC,2020,99
GRC,2021,99
GRC,2022,98
GRC,2023,95
GRC,2024,95
GRD,2000,97
GRD,2001,96
GRD,2002,98
GRD,2003,97
GRD,2004,83
GRD,2005,99
GRD,2006,91
GRD,2007,96
GRD,2008,99
GRD,2009,99
GRD,2010,97
GRD,2011,95
GRD,2012,97
GRD,2013,97
GRD,2014,97
GRD,2015,92
GRD,2016,96
GRD,2017,96
GRD,2018,95
GRD,2019,94
GRD,2020,72
GRD,2021,77
GRD,2022,77
GRD,2023,86
GRD,2024,93
GTM,2000,81
GTM,2001,77
GTM,2002,82
GTM,2003,84
GTM,2004,87
GTM,2005,87
GTM,2006,89
GTM,2007,85
GTM,2008,95
GTM,2009,92
GTM,2010,94
GTM,2011,88
GTM,2012,96
GTM,2013,96
GTM,2014,74
GTM,2015,70
GTM,2016,83
GTM,2017,91
GTM,2018,85
GTM,2019,88
GTM,2020,90
GTM,2021,80
GTM,2022,81
GTM,2023,88
GTM,2024,81
GUY,2000,88
GUY,2001,85
GUY,2002,91
GUY,2003,90
GUY,2004,91
GUY,2005,93
GUY,2006,93
GUY,2007,94
GUY,2008,93
GUY,2009,98
GUY,2010,95
GUY,2011,93
GUY,2012,97
GUY,2013,98
GUY,2014,98
GUY,2015,95
GUY,2016,97
GUY,2017,97
GUY,2018,95
GUY,2019,99
GUY,2020,99
GUY,2021,98
GUY,2022,98
GUY,2023,98
GUY,2024,98
HND,2000,94
HND,2001,96
HND,2002,95
HND,2003,92
HND,2004,94
HND,2005,98
HND,2006,95
HND,2007,94
HND,2008,93
HND,2009,97
HND,2010,97
HND,2011,97
HND,2012,98
HND,2013,99
HND,2014,99
HND,2015,98
HND,2016,95
HND,2017,90
HND,2018,91
HND,2019,88
HND,2020,80
HND,2021,77
HND,2022,78
HND,2023,73
HND,2024,75
HRV,2000,93
HRV,2001,94
HRV,2002,95
HRV,2003,94
HRV,2004,96
HRV,2005,96
HRV,2006,96
HRV,2007,96
HRV,2008,96
HRV,2009,96
HRV,2010,97
HRV,2011,96
HRV,2012,96
HRV,2013,96
HRV,2014,95
HRV,2015,94
HRV,2016,93
HRV,2017,92
HRV,2018,93
HRV,2019,94
HRV,2020,94
HRV,2021,92
HRV,2022,92
HRV,2023,93
HRV,2024,92
HTI,2000,44
HTI,2001,47
HTI,2002,51
HTI,2003,54
HTI,2004,57
HTI,2005,60
HTI,2006,61
HTI,2007,63
HTI,2008,64
HTI,2009,65
HTI,2010,67
HTI,2011,68
HTI,2012,66
HTI,2013,65
HTI,2014,63
HTI,2015,64
HTI,2016,59
HTI,2017,60
HTI,2018,57
HTI,2019,54
HTI,2020,58
HTI,2021,48
HTI,2022,48
HTI,2023,54
HTI,2024,60
HUN,2000,99
HUN,2001,99
HUN,2002,99
HUN,2003,99
HUN,2004,99
HUN,2005,99
HUN,2006,99
HUN,2007,99
HUN,2008,99
HUN,2009,99
HUN,2010,99
HUN,2011,99
HUN,2012,99
HUN,2013,99
HUN,2014,99
HUN,2015,99
HUN,2016,99
HUN,2017,99
HUN,2018,99
HUN,2019,99
HUN,2020,99
HUN,2021,99
HUN,2022,99
HUN,2023,99
HUN,2024,99
IDN,2000,75
IDN,2001,76
IDN,2002,70
IDN,2003,71
IDN,2004,71
IDN,2005,72
IDN,2006,72
IDN,2007,73
IDN,2008,77
IDN,2009,78
IDN,2010,81
IDN,2011,81
IDN,2012,87
IDN,2013,92
IDN,2014,88
IDN,2015,84
IDN,2016,84
IDN,2017,85
IDN,2018,85
IDN,2019,85
IDN,2020,77
IDN,2021,67
IDN,2022,91
IDN,2023,83
IDN,2024,78
IND,2000,58
IND,2001,59
IND,2002,59
IND,2003,61
IND,2004,63
IND,2005,65
IND,2006,65
IND,2007,64
IND,2008,70
IND,2009,74
IND,2010,79
IND,2011,82
IND,2012,82
IND,2013,83
IND,2014,85
IND,2015,87
IND,2016,88
IND,2017,89
IND,2018,90
IND,2019,91
IND,2020,85
IND,2021,85
IND,2022,93
IND,2023,91
IND,2024,94
IRL,2000,86
IRL,2001,84
IRL,2002,83
IRL,2003,86
IRL,2004,89
IRL,2005,90
IRL,2006,91
IRL,2007,92
IRL,2008,93
IRL,2009,94
IRL,2010,94
IRL,2011,95
IRL,2012,95
IRL,2013,96
IRL,2014,96
IRL,2015,95
IRL,2016,95
IRL,2017,95
IRL,2018,94
IRL,2019,94
IRL,2020,94
IRL,2021,94
IRL,2022,93
IRL,2023,93
IRL,2024,92
IRN,2000,99
IRN,2001,96
IRN,2002,99
IRN,2003,99
IRN,2004,99
IRN,2005,95
IRN,2006,98
IRN,2007,99
IRN,2008,99
IRN,2009,99
IRN,2010,99
IRN,2011,99
IRN,2012,99
IRN,2013,98
IRN,2014,99
IRN,2015,98
IRN,2016,99
IRN,2017,99
IRN,2018,99
IRN,2019,99
IRN,2020,99
IRN,2021,98
IRN,2022,99
IRN,2023,99
IRN,2024,98
IRQ,2000,80
IRQ,2001,78
IRQ,2002,77
IRQ,2003,75
IRQ,2004,74
IRQ,2005,65
IRQ,2006,59
IRQ,2007,57
IRQ,2008,69
IRQ,2009,78
IRQ,2010,74
IRQ,2011,81
IRQ,2012,72
IRQ,2013,73
IRQ,2014,73
IRQ,2015,68
IRQ,2016,71
IRQ,2017,81
IRQ,2018,86
IRQ,2019,84
IRQ,2020,74
IRQ,2021,78
IRQ,2022,93
IRQ,2023,91
IRQ,2024,90
ISL,2000,98
ISL,2001,92
ISL,2002,95
ISL,2003,97
ISL,2004,99
ISL,2005,95
ISL,2006,97
ISL,2007,97
ISL,2008,98
ISL,2009,96
ISL,2010,96
ISL,2011,95
ISL,2012,89
ISL,2013,91
ISL,2014,90
ISL,2015,92
ISL,2016,91
ISL,2017,89
ISL,2018,91
ISL,2019,93
ISL,2020,93
ISL,2021,92
ISL,2022,92
ISL,2023,92
ISL,2024,94
ISR,2000,93
ISR,2001,92
ISR,2002,90
ISR,2003,93
ISR,2004,95
ISR,2005,93
ISR,2006,95
ISR,2007,95
ISR,2008,94
ISR,2009,96
ISR,2010,95
ISR,2011,94
ISR,2012,94
ISR,2013,96
ISR,2014,95
ISR,2015,95
ISR,2016,94
ISR,2017,98
ISR,2018,98
ISR,2019,98
ISR,2020,98
ISR,2021,98
ISR,2022,98
ISR,2023,98
ISR,2024,98
ITA,2000,87
ITA,2001,93
ITA,2002,93
ITA,2003,96
ITA,2004,94
ITA,2005,95
ITA,2006,96
ITA,2007,97
ITA,2008,96
ITA,2009,96
ITA,2010,96
ITA,2011,96
ITA,2012,97
ITA,2013,96
ITA,2014,95
ITA,2015,93
ITA,2016,94
ITA,2017,95
ITA,2018,95
ITA,2019,96
ITA,2020,94
ITA,2021,94
ITA,2022,95
ITA,2023,95
ITA,2024,94
JAM,2000,93
JAM,2001,98
JAM,2002,97
JAM,2003,94
JAM,2004,96
JAM,2005,99
JAM,2006,94
JAM,2007,91
JAM,2008,90
JAM,2009,90
JAM,2010,94
JAM,2011,92
JAM,2012,96
JAM,2013,93
JAM,2014,92
JAM,2015,91
JAM,2016,99
JAM,2017,93
JAM,2018,97
JAM,2019,96
JAM,2020,96
JAM,2021,90
JAM,2022,98
JAM,2023,99
JAM,2024,99
JOR,2000,91
JOR,2001,99
JOR,2002,95
JOR,2003,97
JOR,2004,95
JOR,2005,95
JOR,2006,98
JOR,2007,98
JOR,2008,97
JOR,2009,98
JOR,2010,98
JOR,2011,98
JOR,2012,98
JOR,2013,98
JOR,2014,98
JOR,2015,99
JOR,2016,98
JOR,2017,99
JOR,2018,96
JOR,2019,89
JOR,2020,77
JOR,2021,85
JOR,2022,92
JOR,2023,96
JOR,2024,96
JPN,2000,85
JPN,2001,95
JPN,2002,96
JPN,2003,97
JPN,2004,99
JPN,2005,98
JPN,2006,98
JPN,2007,98
JPN,2008,98
JPN,2009,97
JPN,2010,97
JPN,2011,97
JPN,2012,97
JPN,2013,96
JPN,2014,96
JPN,2015,96
JPN,2016,99
JPN,2017,99
JPN,2018,98
JPN,2019,98
JPN,2020,96
JPN,2021,99
JPN,2022,99
JPN,2023,98
JPN,2024,99
KAZ,2000,97
KAZ,2001,95
KAZ,2002,95
KAZ,2003,99
KAZ,2004,82
KAZ,2005,98
KAZ,2006,99
KAZ,2007,93
KAZ,2008,99
KAZ,2009,98
KAZ,2010,99
KAZ,2011,99
KAZ,2012,99
KAZ,2013,98
KAZ,2014,95
KAZ,2015,98
KAZ,2016,83
KAZ,2017,99
KAZ,2018,98
KAZ,2019,97
KAZ,2020,88
KAZ,2021,95
KAZ,2022,99
KAZ,2023,99
KAZ,2024,98
KEN,2000,82
KEN,2001,80
KEN,2002,84
KEN,2003,73
KEN,2004,73
KEN,2005,76
KEN,2006,80
KEN,2007,81
KEN,2008,88
KEN,2009,88
KEN,2010,90
KEN,2011,96
KEN,2012,94
KEN,2013,87
KEN,2014,92
KEN,2015,89
KEN,2016,88
KEN,2017,81
KEN,2018,91
KEN,2019,93
KEN,2020,93
KEN,2021,95
KEN,2022,94
KEN,2023,93
KEN,2024,91
KGZ,2000,99
KGZ,2001,99
KGZ,2002,98
KGZ,2003,98
KGZ,2004,99
KGZ,2005,98
KGZ,2006,92
KGZ,2007,94
KGZ,2008,95
KGZ,2009,95
KGZ,2010,96
KGZ,2011,96
KGZ,2012,96
KGZ,2013,97
KGZ,2014,96
KGZ,2015,97
KGZ,2016,96
KGZ,2017,92
KGZ,2018,94
KGZ,2019,95
KGZ,2020,87
KGZ,2021,89
KGZ,2022,90
KGZ,2023,86
KGZ,2024,85
KHM,2000,59
KHM,2001,60
KHM,2002,54
KHM,2003,69
KHM,2004,85
KHM,2005,82
KHM,2006,80
KHM,2007,82
KHM,2008,91
KHM,2009,94
KHM,2010,90
KHM,2011,91
KHM,2012,90
KHM,2013,86
KHM,2014,90
KHM,2015,91
KHM,2016,91
KHM,2017,90
KHM,2018,89
KHM,2019,88
KHM,2020,86
KHM,2021,86
KHM,2022,84
KHM,2023,84
KHM,2024,83
KIR,2000,90
KIR,2001,85
KIR,2002,77
KIR,2003,70
KIR,2004,62
KIR,2005,79
KIR,2006,86
KIR,2007,94
KIR,2008,82
KIR,2009,86
KIR,2010,91
KIR,2011,99
KIR,2012,94
KIR,2013,95
KIR,2014,75
KIR,2015,78
KIR,2016,81
KIR,2017,90
KIR,2018,95
KIR,2019,97
KIR,2020,92
KIR,2021,90
KIR,2022,91
KIR,2023,90
KIR,2024,94
KNA,2000,99
KNA,2001,99
KNA,2002,97
KNA,2003,99
KNA,2004,96
KNA,2005,99
KNA,2006,99
KNA,2007,99
KNA,2008,99
KNA,2009,98
KNA,2010,96
KNA,2011,98
KNA,2012,98
KNA,2013,97
KNA,2014,98
KNA,2015,94
KNA,2016,98
KNA,2017,98
KNA,2018,98
KNA,2019,97
KNA,2020,99
KNA,2021,96
KNA,2022,96
KNA,2023,96
KNA,2024,97
KOR,2000,97
KOR,2001,97
KOR,2002,97
KOR,2003,97
KOR,2004,88
KOR,2005,96
KOR,2006,98
KOR,2007,91
KOR,2008,94
KOR,2009,94
KOR,2010,94
KOR,2011,99
KOR,2012,99
KOR,2013,99
KOR,2014,99
KOR,2015,98
KOR,2016,98
KOR,2017,97
KOR,2018,98
KOR,2019,98
KOR,2020,98
KOR,2021,98
KOR,2022,98
KOR,2023,98
KOR,2024,97
KWT,2000,98
KWT,2001,99
KWT,2002,99
KWT,2003,99
KWT,2004,98
KWT,2005,99
KWT,2006,99
KWT,2007,99
KWT,2008,99
KWT,2009,99
KWT,2010,98
KWT,2011,99
KWT,2012,98
KWT,2013,99
KWT,2014,95
KWT,2015,99
KWT,2016,99
KWT,2017,99
KWT,2018,91
KWT,2019,92
KWT,2020,93
KWT,2021,94
KWT,2022,96
KWT,2023,99
KWT,2024,99
LAO,2000,51
LAO,2001,52
LAO,2002,53
LAO,2003,49
LAO,2004,45
LAO,2005,49
LAO,2006,57
LAO,2007,50
LAO,2008,61
LAO,2009,67
LAO,2010,74
LAO,2011,76
LAO,2012,77
LAO,2013,83
LAO,2014,83
LAO,2015,82
LAO,2016,82
LAO,2017,78
LAO,2018,75
LAO,2019,66
LAO,2020,61
LAO,2021,65
LAO,2022,70
LAO,2023,74
LAO,2024,67
LBN,2000,83
LBN,2001,80
LBN,2002,77
LBN,2003,74
LBN,2004,75
LBN,2005,77
LBN,2006,78
LBN,2007,80
LBN,2008,81
LBN,2009,81
LBN,2010,82
LBN,2011,82
LBN,2012,83
LBN,2013,83
LBN,2014,83
LBN,2015,83
LBN,2016,83
LBN,2017,83
LBN,2018,83
LBN,2019,83
LBN,2020,71
LBN,2021,67
LBN,2022,67
LBN,2023,53
LBN,2024,49
LBR,2000,48
LBR,2001,44
LBR,2002,39
LBR,2003,35
LBR,2004,31
LBR,2005,60
LBR,2006,60
LBR,2007,65
LBR,2008,75
LBR,2009,81
LBR,2010,70
LBR,2011,77
LBR,2012,80
LBR,2013,80
LBR,2014,63
LBR,2015,65
LBR,2016,73
LBR,2017,80
LBR,2018,81
LBR,2019,71
LBR,2020,66
LBR,2021,67
LBR,2022,79
LBR,2023,83
LBR,2024,83
LBY,2000,94
LBY,2001,94
LBY,2002,93
LBY,2003,95
LBY,2004,97
LBY,2005,98
LBY,2006,98
LBY,2007,98
LBY,2008,98
LBY,2009,98
LBY,2010,98
LBY,2011,98
LBY,2012,98
LBY,2013,96
LBY,2014,94
LBY,2015,97
LBY,2016,97
LBY,2017,97
LBY,2018,73
LBY,2019,73
LBY,2020,73
LBY,2021,73
LBY,2022,73
LBY,2023,73
LBY,2024,86
LCA,2000,70
LCA,2001,99
LCA,2002,74
LCA,2003,90
LCA,2004,91
LCA,2005,95
LCA,2006,85
LCA,2007,99
LCA,2008,96
LCA,2009,95
LCA,2010,97
LCA,2011,99
LCA,2012,98
LCA,2013,99
LCA,2014,99
LCA,2015,99
LCA,2016,95
LCA,2017,80
LCA,2018,95
LCA,2019,92
LCA,2020,86
LCA,2021,80
LCA,2022,81
LCA,2023,74
LCA,2024,99
LKA,2000,99
LKA,2001,98
LKA,2002,98
LKA,2003,99
LKA,2004,97
LKA,2005,99
LKA,2006,98
LKA,2007,98
LKA,2008,98
LKA,2009,97
LKA,2010,99
LKA,2011,99
LKA,2012,99
LKA,2013,99
LKA,2014,99
LKA,2015,99
LKA,2016,99
LKA,2017,99
LKA,2018,99
LKA,2019,99
LKA,2020,96
LKA,2021,96
LKA,2022,98
LKA,2023,99
LKA,2024,97
LSO,2000,84
LSO,2001,79
LSO,2002,85
LSO,2003,90
LSO,2004,90
LSO,2005,89
LSO,2006,89
LSO,2007,88
LSO,2008,88
LSO,2009,91
LSO,2010,93
LSO,2011,96
LSO,2012,95
LSO,2013,93
LSO,2014,88
LSO,2015,83
LSO,2016,87
LSO,2017,89
LSO,2018,90
LSO,2019,92
LSO,2020,93
LSO,2021,95
LSO,2022,92
LSO,2023,90
LSO,2024,86
LTU,2000,94
LTU,2001,95
LTU,2002,95
LTU,2003,94
LTU,2004,94
LTU,2005,94
LTU,2006,94
LTU,2007,95
LTU,2008,96
LTU,2009,98
LTU,2010,95
LTU,2011,92
LTU,2012,93
LTU,2013,93
LTU,2014,93
LTU,2015,93
LTU,2016,94
LTU,2017,94
LTU,2018,92
LTU,2019,92
LTU,2020,91
LTU,2021,90
LTU,2022,90
LTU,2023,90
LTU,2024,89
LUX,2000,99
LUX,2001,99
LUX,2002,99
LUX,2003,98
LUX,2004,99
LUX,2005,99
LUX,2006,99
LUX,2007,99
LUX,2008,99
LUX,2009,99
LUX,2010,99
LUX,2011,99
LUX,2012,99
LUX,2013,99
LUX,2014,99
LUX,2015,99
LUX,2016,99
LUX,2017,99
LUX,2018,99
LUX,2019,99
LUX,2020,99
LUX,2021,99
LUX,2022,99
LUX,2023,99
LUX,2024,99
LVA,2000,96
LVA,2001,97
LVA,2002,97
LVA,2003,98
LVA,2004,99
LVA,2005,99
LVA,2006,96
LVA,2007,94
LVA,2008,94
LVA,2009,94
LVA,2010,92
LVA,2011,92
LVA,2012,91
LVA,2013,94
LVA,2014,92
LVA,2015,94
LVA,2016,98
LVA,2017,98
LVA,2018,96
LVA,2019,99
LVA,2020,99
LVA,2021,94
LVA,2022,95
LVA,2023,98
LVA,2024,97
MAR,2000,95
MAR,2001,96
MAR,2002,94
MAR,2003,91
MAR,2004,97
MAR,2005,98
MAR,2006,97
MAR,2007,95
MAR,2008,99
MAR,2009,99
MAR,2010,99
MAR,2011,99
MAR,2012,99
MAR,2013,99
MAR,2014,99
MAR,2015,99
MAR,2016,99
MAR,2017,99
MAR,2018,99
MAR,2019,99
MAR,2020,99
MAR,2021,98
MAR,2022,98
MAR,2023,97
MAR,2024,96
MCO,2000,99
MCO,2001,99
MCO,2002,99
MCO,2003,99
MCO,2004,99
MCO,2005,99
MCO,2006,99
MCO,2007,99
MCO,2008,99
MCO,2009,99
MCO,2010,99
MCO,2011,99
MCO,2012,99
MCO,2013,99
MCO,2014,99
MCO,2015,99
MCO,2016,99
MCO,2017,99
MCO,2018,99
MCO,2019,99
MCO,2020,99
MCO,2021,99
MCO,2022,99
MCO,2023,99
MCO,2024,99
MDA,2000,95
MDA,2001,97
MDA,2002,97
MDA,2003,98
MDA,2004,98
MDA,2005,98
MDA,2006,97
MDA,2007,92
MDA,2008,90
MDA,2009,85
MDA,2010,90
MDA,2011,93
MDA,2012,92
MDA,2013,90
MDA,2014,90
MDA,2015,87
MDA,2016,89
MDA,2017,88
MDA,2018,93
MDA,2019,91
MDA,2020,86
MDA,2021,87
MDA,2022,88
MDA,2023,87
MDA,2024,86
MDG,2000,57
MDG,2001,60
MDG,2002,62
MDG,2003,66
MDG,2004,78
MDG,2005,85
MDG,2006,85
MDG,2007,84
MDG,2008,77
MDG,2009,77
MDG,2010,70
MDG,2011,73
MDG,2012,68
MDG,2013,70
MDG,2014,68
MDG,2015,62
MDG,2016,68
MDG,2017,65
MDG,2018,74
MDG,2019,69
MDG,2020,67
MDG,2021,55
MDG,2022,57
MDG,2023,65
MDG,2024,60
MDV,2000,98
MDV,2001,98
MDV,2002,98
MDV,2003,98
MDV,2004,96
MDV,2005,98
MDV,2006,98
MDV,2007,98
MDV,2008,98
MDV,2009,98
MDV,2010,96
MDV,2011,96
MDV,2012,99
MDV,2013,99
MDV,2014,99
MDV,2015,99
MDV,2016,98
MDV,2017,98
MDV,2018,98
MDV,2019,98
MDV,2020,98
MDV,2021,95
MDV,2022,98
MDV,2023,98
MDV,2024,99
MEX,2000,97
MEX,2001,97
MEX,2002,97
MEX,2003,98
MEX,2004,98
MEX,2005,98
MEX,2006,98
MEX,2007,98
MEX,2008,96
MEX,2009,95
MEX,2010,95
MEX,2011,97
MEX,2012,99
MEX,2013,83
MEX,2014,87
MEX,2015,87
MEX,2016,93
MEX,2017,85
MEX,2018,88
MEX,2019,82
MEX,2020,72
MEX,2021,78
MEX,2022,83
MEX,2023,85
MEX,2024,78
MHL,2000,39
MHL,2001,48
MHL,2002,80
MHL,2003,68
MHL,2004,64
MHL,2005,77
MHL,2006,74
MHL,2007,93
MHL,2008,95
MHL,2009,96
MHL,2010,94
MHL,2011,87
MHL,2012,80
MHL,2013,79
MHL,2014,78
MHL,2015,85
MHL,2016,71
MHL,2017,80
MHL,2018,81
MHL,2019,79
MHL,2020,82
MHL,2021,86
MHL,2022,86
MHL,2023,85
MHL,2024,85
MKD,2000,95
MKD,2001,91
MKD,2002,96
MKD,2003,96
MKD,2004,94
MKD,2005,97
MKD,2006,93
MKD,2007,95
MKD,2008,95
MKD,2009,96
MKD,2010,95
MKD,2011,96
MKD,2012,95
MKD,2013,98
MKD,2014,95
MKD,2015,91
MKD,2016,95
MKD,2017,91
MKD,2018,93
MKD,2019,92
MKD,2020,84
MKD,2021,81
MKD,2022,84
MKD,2023,86
MKD,2024,89
MLI,2000,43
MLI,2001,49
MLI,2002,61
MLI,2003,63
MLI,2004,69
MLI,2005,77
MLI,2006,78
MLI,2007,74
MLI,2008,74
MLI,2009,73
MLI,2010,73
MLI,2011,66
MLI,2012,65
MLI,2013,64
MLI,2014,66
MLI,2015,70
MLI,2016,76
MLI,2017,77
MLI,2018,76
MLI,2019,77
MLI,2020,70
MLI,2021,77
MLI,2022,75
MLI,2023,75
MLI,2024,82
MLT,2000,94
MLT,2001,95
MLT,2002,95
MLT,2003,94
MLT,2004,89
MLT,2005,92
MLT,2006,85
MLT,2007,74
MLT,2008,72
MLT,2009,73
MLT,2010,76
MLT,2011,96
MLT,2012,99
MLT,2013,99
MLT,2014,99
MLT,2015,97
MLT,2016,97
MLT,2017,98
MLT,2018,97
MLT,2019,98
MLT,2020,98
MLT,2021,99
MLT,2022,98
MLT,2023,98
MLT,2024,97
MMR,2000,82
MMR,2001,73
MMR,2002,79
MMR,2003,78
MMR,2004,82
MMR,2005,73
MMR,2006,82
MMR,2007,86
MMR,2008,85
MMR,2009,90
MMR,2010,90
MMR,2011,84
MMR,2012,84
MMR,2013,75
MMR,2014,88
MMR,2015,89
MMR,2016,90
MMR,2017,89
MMR,2018,91
MMR,2019,90
MMR,2020,84
MMR,2021,37
MMR,2022,71
MMR,2023,71
MMR,2024,71
MNE,2000,NA
MNE,2001,NA
MNE,2002,NA
MNE,2003,NA
MNE,2004,NA
MNE,2005,NA
MNE,2006,90
MNE,2007,92
MNE,2008,95
MNE,2009,92
MNE,2010,94
MNE,2011,95
MNE,2012,94
MNE,2013,94
MNE,2014,91
MNE,2015,89
MNE,2016,89
MNE,2017,87
MNE,2018,86
MNE,2019,87
MNE,2020,84
MNE,2021,83
MNE,2022,80
MNE,2023,81
MNE,2024,81
MNG,2000,94
MNG,2001,95
MNG,2002,98
MNG,2003,98
MNG,2004,99
MNG,2005,99
MNG,2006,99
MNG,2007,95
MNG,2008,96
MNG,2009,95
MNG,2010,96
MNG,2011,99
MNG,2012,99
MNG,2013,98
MNG,2014,99
MNG,2015,99
MNG,2016,99
MNG,2017,99
MNG,2018,99
MNG,2019,98
MNG,2020,96
MNG,2021,95
MNG,2022,95
MNG,2023,96
MNG,2024,96
MOZ,2000,70
MOZ,2001,73
MOZ,2002,76
MOZ,2003,85
MOZ,2004,83
MOZ,2005,80
MOZ,2006,78
MOZ,2007,75
MOZ,2008,75
MOZ,2009,74
MOZ,2010,74
MOZ,2011,77
MOZ,2012,80
MOZ,2013,82
MOZ,2014,85
MOZ,2015,85
MOZ,2016,85
MOZ,2017,85
MOZ,2018,85
MOZ,2019,85
MOZ,2020,71
MOZ,2021,56
MOZ,2022,55
MOZ,2023,70
MOZ,2024,70
MRT,2000,51
MRT,2001,75
MRT,2002,89
MRT,2003,76
MRT,2004,70
MRT,2005,71
MRT,2006,68
MRT,2007,75
MRT,2008,74
MRT,2009,64
MRT,2010,64
MRT,2011,75
MRT,2012,80
MRT,2013,80
MRT,2014,81
MRT,2015,73
MRT,2016,74
MRT,2017,76
MRT,2018,77
MRT,2019,80
MRT,2020,81
MRT,2021,77
MRT,2022,85
MRT,2023,90
MRT,2024,86
MUS,2000,88
MUS,2001,92
MUS,2002,88
MUS,2003,99
MUS,2004,98
MUS,2005,97
MUS,2006,97
MUS,2007,97
MUS,2008,99
MUS,2009,99
MUS,2010,99
MUS,2011,98
MUS,2012,98
MUS,2013,98
MUS,2014,97
MUS,2015,97
MUS,2016,96
MUS,2017,94
MUS,2018,97
MUS,2019,96
MUS,2020,95
MUS,2021,95
MUS,2022,95
MUS,2023,96
MUS,2024,93
MWI,2000,75
MWI,2001,90
MWI,2002,64
MWI,2003,84
MWI,2004,89
MWI,2005,93
MWI,2006,99
MWI,2007,87
MWI,2008,91
MWI,2009,93
MWI,2010,93
MWI,2011,97
MWI,2012,96
MWI,2013,89
MWI,2014,91
MWI,2015,88
MWI,2016,84
MWI,2017,88
MWI,2018,92
MWI,2019,95
MWI,2020,94
MWI,2021,93
MWI,2022,86
MWI,2023,91
MWI,2024,91
MYS,2000,98
MYS,2001,96
MYS,2002,94
MYS,2003,96
MYS,2004,95
MYS,2005,96
MYS,2006,95
MYS,2007,97
MYS,2008,97
MYS,2009,97
MYS,2010,96
MYS,2011,96
MYS,2012,97
MYS,2013,97
MYS,2014,97
MYS,2015,99
MYS,2016,98
MYS,2017,99
MYS,2018,99
MYS,2019,98
MYS,2020,98
MYS,2021,95
MYS,2022,97
MYS,2023,95
MYS,2024,93
NAM,2000,79
NAM,2001,78
NAM,2002,77
NAM,2003,79
NAM,2004,81
NAM,2005,86
NAM,2006,86
NAM,2007,86
NAM,2008,83
NAM,2009,83
NAM,2010,83
NAM,2011,82
NAM,2012,84
NAM,2013,89
NAM,2014,88
NAM,2015,92
NAM,2016,85
NAM,2017,88
NAM,2018,89
NAM,2019,87
NAM,2020,93
NAM,2021,94
NAM,2022,84
NAM,2023,83
NAM,2024,74
NER,2000,34
NER,2001,36
NER,2002,39
NER,2003,41
NER,2004,43
NER,2005,45
NER,2006,52
NER,2007,58
NER,2008,67
NER,2009,71
NER,2010,70
NER,2011,75
NER,2012,73
NER,2013,75
NER,2014,82
NER,2015,84
NER,2016,80
NER,2017,85
NER,2018,79
NER,2019,81
NER,2020,81
NER,2021,82
NER,2022,84
NER,2023,85
NER,2024,86
NGA,2000,29
NGA,2001,27
NGA,2002,25
NGA,2003,29
NGA,2004,33
NGA,2005,36
NGA,2006,40
NGA,2007,42
NGA,2008,53
NGA,2009,63
NGA,2010,56
NGA,2011,53
NGA,2012,36
NGA,2013,39
NGA,2014,43
NGA,2015,42
NGA,2016,53
NGA,2017,55
NGA,2018,61
NGA,2019,66
NGA,2020,62
NGA,2021,61
NGA,2022,59
NGA,2023,67
NGA,2024,67
NIU,2000,99
NIU,2001,99
NIU,2002,99
NIU,2003,95
NIU,2004,99
NIU,2005,85
NIU,2006,99
NIU,2007,99
NIU,2008,99
NIU,2009,99
NIU,2010,99
NIU,2011,99
NIU,2012,99
NIU,2013,99
NIU,2014,99
NIU,2015,99
NIU,2016,99
NIU,2017,99
NIU,2018,99
NIU,2019,99
NIU,2020,99
NIU,2021,99
NIU,2022,99
NIU,2023,99
NIU,2024,99
NLD,2000,97
NLD,2001,97
NLD,2002,97
NLD,2003,98
NLD,2004,98
NLD,2005,96
NLD,2006,96
NLD,2007,97
NLD,2008,97
NLD,2009,97
NLD,2010,97
NLD,2011,97
NLD,2012,97
NLD,2013,97
NLD,2014,96
NLD,2015,95
NLD,2016,95
NLD,2017,94
NLD,2018,93
NLD,2019,94
NLD,2020,94
NLD,2021,95
NLD,2022,93
NLD,2023,92
NLD,2024,91
NOR,2000,90
NOR,2001,91
NOR,2002,93
NOR,2003,92
NOR,2004,92
NOR,2005,91
NOR,2006,94
NOR,2007,93
NOR,2008,94
NOR,2009,94
NOR,2010,93
NOR,2011,94
NOR,2012,95
NOR,2013,94
NOR,2014,93
NOR,2015,95
NOR,2016,96
NOR,2017,96
NOR,2018,96
NOR,2019,97
NOR,2020,97
NOR,2021,97
NOR,2022,97
NOR,2023,96
NOR,2024,97
NPL,2000,74
NPL,2001,72
NPL,2002,72
NPL,2003,78
NPL,2004,80
NPL,2005,75
NPL,2006,89
NPL,2007,82
NPL,2008,82
NPL,2009,95
NPL,2010,93
NPL,2011,92
NPL,2012,90
NPL,2013,92
NPL,2014,92
NPL,2015,91
NPL,2016,87
NPL,2017,90
NPL,2018,91
NPL,2019,93
NPL,2020,84
NPL,2021,91
NPL,2022,90
NPL,2023,94
NPL,2024,97
NRU,2000,44
NRU,2001,95
NRU,2002,80
NRU,2003,80
NRU,2004,80
NRU,2005,80
NRU,2006,72
NRU,2007,99
NRU,2008,99
NRU,2009,99
NRU,2010,99
NRU,2011,99
NRU,2012,79
NRU,2013,87
NRU,2014,95
NRU,2015,91
NRU,2016,97
NRU,2017,87
NRU,2018,90
NRU,2019,96
NRU,2020,95
NRU,2021,98
NRU,2022,99
NRU,2023,99
NRU,2024,99
NZL,2000,90
NZL,2001,90
NZL,2002,90
NZL,2003,90
NZL,2004,89
NZL,2005,89
NZL,2006,89
NZL,2007,88
NZL,2008,89
NZL,2009,92
NZL,2010,93
NZL,2011,95
NZL,2012,93
NZL,2013,92
NZL,2014,93
NZL,2015,92
NZL,2016,92
NZL,2017,94
NZL,2018,93
NZL,2019,92
NZL,2020,92
NZL,2021,90
NZL,2022,89
NZL,2023,88
NZL,2024,89
OMN,2000,99
OMN,2001,99
OMN,2002,99
OMN,2003,99
OMN,2004,99
OMN,2005,99
OMN,2006,98
OMN,2007,99
OMN,2008,99
OMN,2009,98
OMN,2010,99
OMN,2011,99
OMN,2012,98
OMN,2013,98
OMN,2014,99
OMN,2015,99
OMN,2016,99
OMN,2017,99
OMN,2018,99
OMN,2019,99
OMN,2020,99
OMN,2021,99
OMN,2022,99
OMN,2023,99
OMN,2024,99
PAK,2000,59
PAK,2001,61
PAK,2002,63
PAK,2003,66
PAK,2004,68
PAK,2005,63
PAK,2006,59
PAK,2007,54
PAK,2008,53
PAK,2009,52
PAK,2010,52
PAK,2011,63
PAK,2012,64
PAK,2013,65
PAK,2014,69
PAK,2015,72
PAK,2016,75
PAK,2017,75
PAK,2018,80
PAK,2019,84
PAK,2020,80
PAK,2021,83
PAK,2022,85
PAK,2023,86
PAK,2024,87
PAN,2000,98
PAN,2001,99
PAN,2002,99
PAN,2003,98
PAN,2004,95
PAN,2005,92
PAN,2006,88
PAN,2007,85
PAN,2008,86
PAN,2009,85
PAN,2010,94
PAN,2011,87
PAN,2012,85
PAN,2013,80
PAN,2014,80
PAN,2015,73
PAN,2016,86
PAN,2017,81
PAN,2018,88
PAN,2019,88
PAN,2020,74
PAN,2021,87
PAN,2022,82
PAN,2023,71
PAN,2024,72
PER,2000,98
PER,2001,90
PER,2002,95
PER,2003,94
PER,2004,86
PER,2005,77
PER,2006,94
PER,2007,93
PER,2008,93
PER,2009,93
PER,2010,93
PER,2011,91
PER,2012,95
PER,2013,88
PER,2014,88
PER,2015,90
PER,2016,90
PER,2017,89
PER,2018,89
PER,2019,88
PER,2020,72
PER,2021,82
PER,2022,82
PER,2023,84
PER,2024,80
PHL,2000,78
PHL,2001,79
PHL,2002,79
PHL,2003,84
PHL,2004,88
PHL,2005,89
PHL,2006,88
PHL,2007,87
PHL,2008,87
PHL,2009,88
PHL,2010,88
PHL,2011,89
PHL,2012,89
PHL,2013,85
PHL,2014,80
PHL,2015,76
PHL,2016,84
PHL,2017,84
PHL,2018,84
PHL,2019,84
PHL,2020,83
PHL,2021,69
PHL,2022,84
PHL,2023,89
PHL,2024,71
PLW,2000,96
PLW,2001,98
PLW,2002,99
PLW,2003,99
PLW,2004,98
PLW,2005,98
PLW,2006,98
PLW,2007,94
PLW,2008,92
PLW,2009,49
PLW,2010,69
PLW,2011,84
PLW,2012,89
PLW,2013,99
PLW,2014,95
PLW,2015,90
PLW,2016,98
PLW,2017,97
PLW,2018,95
PLW,2019,97
PLW,2020,96
PLW,2021,95
PLW,2022,94
PLW,2023,97
PLW,2024,97
PNG,2000,59
PNG,2001,55
PNG,2002,61
PNG,2003,68
PNG,2004,62
PNG,2005,72
PNG,2006,70
PNG,2007,66
PNG,2008,56
PNG,2009,64
PNG,2010,55
PNG,2011,58
PNG,2012,57
PNG,2013,60
PNG,2014,52
PNG,2015,49
PNG,2016,46
PNG,2017,36
PNG,2018,35
PNG,2019,35
PNG,2020,40
PNG,2021,32
PNG,2022,37
PNG,2023,35
PNG,2024,42
POL,2000,98
POL,2001,98
POL,2002,99
POL,2003,99
POL,2004,99
POL,2005,99
POL,2006,99
POL,2007,99
POL,2008,99
POL,2009,99
POL,2010,99
POL,2011,99
POL,2012,99
POL,2013,99
POL,2014,98
POL,2015,98
POL,2016,98
POL,2017,96
POL,2018,95
POL,2019,95
POL,2020,94
POL,2021,94
POL,2022,94
POL,2023,95
POL,2024,94
PRK,2000,56
PRK,2001,62
PRK,2002,64
PRK,2003,68
PRK,2004,72
PRK,2005,79
PRK,2006,89
PRK,2007,92
PRK,2008,92
PRK,2009,93
PRK,2010,93
PRK,2011,94
PRK,2012,96
PRK,2013,93
PRK,2014,93
PRK,2015,96
PRK,2016,96
PRK,2017,97
PRK,2018,97
PRK,2019,97
PRK,2020,97
PRK,2021,99
PRK,2022,99
PRK,2023,99
PRK,2024,99
PRT,2000,96
PRT,2001,97
PRT,2002,98
PRT,2003,99
PRT,2004,95
PRT,2005,93
PRT,2006,97
PRT,2007,97
PRT,2008,97
PRT,2009,96
PRT,2010,98
PRT,2011,97
PRT,2012,98
PRT,2013,98
PRT,2014,98
PRT,2015,98
PRT,2016,98
PRT,2017,98
PRT,2018,99
PRT,2019,99
PRT,2020,99
PRT,2021,99
PRT,2022,99
PRT,2023,99
PRT,2024,99
PRY,2000,86
PRY,2001,89
PRY,2002,87
PRY,2003,86
PRY,2004,92
PRY,2005,96
PRY,2006,98
PRY,2007,95
PRY,2008,89
PRY,2009,86
PRY,2010,91
PRY,2011,92
PRY,2012,91
PRY,2013,91
PRY,2014,93
PRY,2015,92
PRY,2016,92
PRY,2017,91
PRY,2018,88
PRY,2019,86
PRY,2020,79
PRY,2021,70
PRY,2022,69
PRY,2023,71
PRY,2024,80
PSE,2000,93
PSE,2001,97
PSE,2002,97
PSE,2003,98
PSE,2004,96
PSE,2005,96
PSE,2006,96
PSE,2007,99
PSE,2008,96
PSE,2009,97
PSE,2010,99
PSE,2011,99
PSE,2012,97
PSE,2013,99
PSE,2014,99
PSE,2015,99
PSE,2016,99
PSE,2017,99
PSE,2018,99
PSE,2019,99
PSE,2020,98
PSE,2021,95
PSE,2022,98
PSE,2023,88
PSE,2024,88
QAT,2000,80
QAT,2001,93
QAT,2002,96
QAT,2003,92
QAT,2004,96
QAT,2005,97
QAT,2006,96
QAT,2007,94
QAT,2008,97
QAT,2009,99
QAT,2010,97
QAT,2011,93
QAT,2012,92
QAT,2013,97
QAT,2014,89
QAT,2015,99
QAT,2016,98
QAT,2017,97
QAT,2018,98
QAT,2019,98
QAT,2020,89
QAT,2021,98
QAT,2022,98
QAT,2023,95
QAT,2024,96
ROU,2000,99
ROU,2001,99
ROU,2002,98
ROU,2003,97
ROU,2004,97
ROU,2005,97
ROU,2006,97
ROU,2007,96
ROU,2008,96
ROU,2009,95
ROU,2010,94
ROU,2011,89
ROU,2012,91
ROU,2013,92
ROU,2014,94
ROU,2015,89
ROU,2016,89
ROU,2017,82
ROU,2018,86
ROU,2019,88
ROU,2020,87
ROU,2021,86
ROU,2022,85
ROU,2023,79
ROU,2024,79
RUS,2000,96
RUS,2001,96
RUS,2002,97
RUS,2003,96
RUS,2004,97
RUS,2005,98
RUS,2006,98
RUS,2007,98
RUS,2008,98
RUS,2009,98
RUS,2010,97
RUS,2011,97
RUS,2012,97
RUS,2013,97
RUS,2014,97
RUS,2015,97
RUS,2016,97
RUS,2017,97
RUS,2018,97
RUS,2019,97
RUS,2020,97
RUS,2021,97
RUS,2022,97
RUS,2023,97
RUS,2024,97
RWA,2000,90
RWA,2001,77
RWA,2002,88
RWA,2003,96
RWA,2004,89
RWA,2005,95
RWA,2006,99
RWA,2007,97
RWA,2008,97
RWA,2009,97
RWA,2010,97
RWA,2011,97
RWA,2012,98
RWA,2013,98
RWA,2014,98
RWA,2015,98
RWA,2016,98
RWA,2017,98
RWA,2018,97
RWA,2019,98
RWA,2020,91
RWA,2021,88
RWA,2022,98
RWA,2023,94
RWA,2024,98
SAU,2000,95
SAU,2001,97
SAU,2002,95
SAU,2003,95
SAU,2004,96
SAU,2005,96
SAU,2006,96
SAU,2007,96
SAU,2008,98
SAU,2009,98
SAU,2010,98
SAU,2011,98
SAU,2012,98
SAU,2013,98
SAU,2014,98
SAU,2015,98
SAU,2016,98
SAU,2017,98
SAU,2018,96
SAU,2019,96
SAU,2020,95
SAU,2021,97
SAU,2022,98
SAU,2023,97
SAU,2024,97
SDN,2000,62
SDN,2001,66
SDN,2002,60
SDN,2003,69
SDN,2004,74
SDN,2005,78
SDN,2006,78
SDN,2007,84
SDN,2008,86
SDN,2009,81
SDN,2010,90
SDN,2011,93
SDN,2012,92
SDN,2013,93
SDN,2014,94
SDN,2015,93
SDN,2016,93
SDN,2017,95
SDN,2018,93
SDN,2019,93
SDN,2020,90
SDN,2021,84
SDN,2022,84
SDN,2023,51
SDN,2024,39
SEN,2000,52
SEN,2001,52
SEN,2002,60
SEN,2003,73
SEN,2004,87
SEN,2005,84
SEN,2006,89
SEN,2007,94
SEN,2008,88
SEN,2009,86
SEN,2010,89
SEN,2011,92
SEN,2012,91
SEN,2013,92
SEN,2014,89
SEN,2015,89
SEN,2016,93
SEN,2017,93
SEN,2018,92
SEN,2019,91
SEN,2020,83
SEN,2021,85
SEN,2022,93
SEN,2023,92
SEN,2024,91
SGP,2000,98
SGP,2001,96
SGP,2002,94
SGP,2003,96
SGP,2004,95
SGP,2005,96
SGP,2006,95
SGP,2007,97
SGP,2008,97
SGP,2009,97
SGP,2010,96
SGP,2011,96
SGP,2012,97
SGP,2013,97
SGP,2014,96
SGP,2015,96
SGP,2016,97
SGP,2017,96
SGP,2018,97
SGP,2019,97
SGP,2020,98
SGP,2021,98
SGP,2022,97
SGP,2023,98
SGP,2024,97
SLB,2000,86
SLB,2001,84
SLB,2002,78
SLB,2003,84
SLB,2004,90
SLB,2005,89
SLB,2006,99
SLB,2007,88
SLB,2008,85
SLB,2009,86
SLB,2010,83
SLB,2011,91
SLB,2012,92
SLB,2013,83
SLB,2014,77
SLB,2015,87
SLB,2016,94
SLB,2017,83
SLB,2018,85
SLB,2019,94
SLB,2020,94
SLB,2021,87
SLB,2022,89
SLB,2023,84
SLB,2024,87
SLE,2000,44
SLE,2001,38
SLE,2002,53
SLE,2003,73
SLE,2004,65
SLE,2005,65
SLE,2006,64
SLE,2007,64
SLE,2008,77
SLE,2009,84
SLE,2010,86
SLE,2011,89
SLE,2012,91
SLE,2013,92
SLE,2014,83
SLE,2015,86
SLE,2016,84
SLE,2017,90
SLE,2018,93
SLE,2019,95
SLE,2020,91
SLE,2021,92
SLE,2022,91
SLE,2023,91
SLE,2024,91
SLV,2000,99
SLV,2001,92
SLV,2002,81
SLV,2003,94
SLV,2004,90
SLV,2005,89
SLV,2006,96
SLV,2007,99
SLV,2008,98
SLV,2009,91
SLV,2010,89
SLV,2011,89
SLV,2012,93
SLV,2013,92
SLV,2014,94
SLV,2015,94
SLV,2016,98
SLV,2017,92
SLV,2018,89
SLV,2019,96
SLV,2020,89
SLV,2021,97
SLV,2022,95
SLV,2023,96
SLV,2024,95
SMR,2000,98
SMR,2001,97
SMR,2002,96
SMR,2003,96
SMR,2004,95
SMR,2005,96
SMR,2006,92
SMR,2007,91
SMR,2008,91
SMR,2009,90
SMR,2010,90
SMR,2011,92
SMR,2012,89
SMR,2013,86
SMR,2014,84
SMR,2015,85
SMR,2016,86
SMR,2017,88
SMR,2018,90
SMR,2019,88
SMR,2020,89
SMR,2021,90
SMR,2022,92
SMR,2023,91
SMR,2024,88
SOM,2000,33
SOM,2001,33
SOM,2002,40
SOM,2003,40
SOM,2004,30
SOM,2005,35
SOM,2006,26
SOM,2007,40
SOM,2008,31
SOM,2009,42
SOM,2010,45
SOM,2011,41
SOM,2012,42
SOM,2013,44
SOM,2014,46
SOM,2015,48
SOM,2016,49
SOM,2017,51
SOM,2018,53
SOM,2019,57
SOM,2020,55
SOM,2021,62
SOM,2022,71
SOM,2023,69
SOM,2024,70
SRB,2000,95
SRB,2001,93
SRB,2002,95
SRB,2003,89
SRB,2004,88
SRB,2005,98
SRB,2006,92
SRB,2007,94
SRB,2008,95
SRB,2009,95
SRB,2010,91
SRB,2011,94
SRB,2012,91
SRB,2013,95
SRB,2014,93
SRB,2015,95
SRB,2016,93
SRB,2017,95
SRB,2018,97
SRB,2019,97
SRB,2020,92
SRB,2021,91
SRB,2022,92
SRB,2023,93
SRB,2024,95
SSD,2000,NA
SSD,2001,NA
SSD,2002,NA
SSD,2003,NA
SSD,2004,NA
SSD,2005,NA
SSD,2006,NA
SSD,2007,NA
SSD,2008,NA
SSD,2009,NA
SSD,2010,NA
SSD,2011,61
SSD,2012,63
SSD,2013,53
SSD,2014,50
SSD,2015,46
SSD,2016,45
SSD,2017,52
SSD,2018,59
SSD,2019,61
SSD,2020,67
SSD,2021,69
SSD,2022,73
SSD,2023,73
SSD,2024,73
STP,2000,82
STP,2001,92
STP,2002,92
STP,2003,94
STP,2004,96
STP,2005,97
STP,2006,97
STP,2007,97
STP,2008,99
STP,2009,98
STP,2010,98
STP,2011,96
STP,2012,96
STP,2013,97
STP,2014,95
STP,2015,96
STP,2016,96
STP,2017,95
STP,2018,95
STP,2019,95
STP,2020,96
STP,2021,97
STP,2022,92
STP,2023,87
STP,2024,87
SUR,2000,71
SUR,2001,68
SUR,2002,73
SUR,2003,75
SUR,2004,85
SUR,2005,83
SUR,2006,84
SUR,2007,84
SUR,2008,85
SUR,2009,87
SUR,2010,94
SUR,2011,80
SUR,2012,76
SUR,2013,77
SUR,2014,71
SUR,2015,73
SUR,2016,77
SUR,2017,67
SUR,2018,81
SUR,2019,77
SUR,2020,51
SUR,2021,72
SUR,2022,77
SUR,2023,72
SUR,2024,69
SVK,2000,99
SVK,2001,99
SVK,2002,99
SVK,2003,99
SVK,2004,99
SVK,2005,99
SVK,2006,99
SVK,2007,99
SVK,2008,99
SVK,2009,99
SVK,2010,99
SVK,2011,99
SVK,2012,99
SVK,2013,98
SVK,2014,97
SVK,2015,96
SVK,2016,96
SVK,2017,96
SVK,2018,97
SVK,2019,97
SVK,2020,97
SVK,2021,97
SVK,2022,97
SVK,2023,96
SVK,2024,96
SVN,2000,91
SVN,2001,92
SVN,2002,93
SVN,2003,95
SVN,2004,94
SVN,2005,95
SVN,2006,97
SVN,2007,97
SVN,2008,97
SVN,2009,96
SVN,2010,96
SVN,2011,96
SVN,2012,96
SVN,2013,95
SVN,2014,95
SVN,2015,95
SVN,2016,94
SVN,2017,94
SVN,2018,93
SVN,2019,95
SVN,2020,95
SVN,2021,86
SVN,2022,89
SVN,2023,89
SVN,2024,90
SWE,2000,99
SWE,2001,99
SWE,2002,99
SWE,2003,99
SWE,2004,99
SWE,2005,98
SWE,2006,98
SWE,2007,98
SWE,2008,98
SWE,2009,98
SWE,2010,98
SWE,2011,98
SWE,2012,98
SWE,2013,98
SWE,2014,98
SWE,2015,98
SWE,2016,98
SWE,2017,97
SWE,2018,97
SWE,2019,98
SWE,2020,97
SWE,2021,98
SWE,2022,94
SWE,2023,94
SWE,2024,96
SWZ,2000,84
SWZ,2001,84
SWZ,2002,85
SWZ,2003,85
SWZ,2004,86
SWZ,2005,86
SWZ,2006,87
SWZ,2007,87
SWZ,2008,88
SWZ,2009,88
SWZ,2010,89
SWZ,2011,91
SWZ,2012,95
SWZ,2013,98
SWZ,2014,98
SWZ,2015,90
SWZ,2016,90
SWZ,2017,90
SWZ,2018,90
SWZ,2019,90
SWZ,2020,83
SWZ,2021,77
SWZ,2022,97
SWZ,2023,85
SWZ,2024,84
SYC,2000,98
SYC,2001,96
SYC,2002,99
SYC,2003,99
SYC,2004,99
SYC,2005,99
SYC,2006,99
SYC,2007,99
SYC,2008,99
SYC,2009,99
SYC,2010,99
SYC,2011,99
SYC,2012,98
SYC,2013,98
SYC,2014,99
SYC,2015,97
SYC,2016,96
SYC,2017,97
SYC,2018,99
SYC,2019,99
SYC,2020,97
SYC,2021,94
SYC,2022,97
SYC,2023,97
SYC,2024,94
SYR,2000,86
SYR,2001,83
SYR,2002,86
SYR,2003,85
SYR,2004,84
SYR,2005,83
SYR,2006,82
SYR,2007,82
SYR,2008,81
SYR,2009,81
SYR,2010,81
SYR,2011,72
SYR,2012,58
SYR,2013,54
SYR,2014,56
SYR,2015,54
SYR,2016,55
SYR,2017,61
SYR,2018,60
SYR,2019,67
SYR,2020,62
SYR,2021,61
SYR,2022,59
SYR,2023,66
SYR,2024,73
TCD,2000,38
TCD,2001,26
TCD,2002,25
TCD,2003,23
TCD,2004,22
TCD,2005,26
TCD,2006,41
TCD,2007,29
TCD,2008,19
TCD,2009,26
TCD,2010,40
TCD,2011,33
TCD,2012,40
TCD,2013,39
TCD,2014,36
TCD,2015,42
TCD,2016,41
TCD,2017,41
TCD,2018,47
TCD,2019,53
TCD,2020,55
TCD,2021,62
TCD,2022,66
TCD,2023,67
TCD,2024,68
TGO,2000,64
TGO,2001,50
TGO,2002,59
TGO,2003,72
TGO,2004,71
TGO,2005,82
TGO,2006,84
TGO,2007,82
TGO,2008,81
TGO,2009,78
TGO,2010,83
TGO,2011,85
TGO,2012,84
TGO,2013,84
TGO,2014,84
TGO,2015,82
TGO,2016,82
TGO,2017,84
TGO,2018,82
TGO,2019,86
TGO,2020,85
TGO,2021,87
TGO,2022,86
TGO,2023,90
TGO,2024,90
THA,2000,97
THA,2001,96
THA,2002,96
THA,2003,98
THA,2004,98
THA,2005,98
THA,2006,98
THA,2007,98
THA,2008,99
THA,2009,99
THA,2010,99
THA,2011,99
THA,2012,99
THA,2013,99
THA,2014,99
THA,2015,99
THA,2016,99
THA,2017,99
THA,2018,97
THA,2019,97
THA,2020,97
THA,2021,92
THA,2022,92
THA,2023,92
THA,2024,92
TJK,2000,83
TJK,2001,85
TJK,2002,85
TJK,2003,85
TJK,2004,86
TJK,2005,84
TJK,2006,83
TJK,2007,86
TJK,2008,86
TJK,2009,93
TJK,2010,93
TJK,2011,96
TJK,2012,94
TJK,2013,96
TJK,2014,97
TJK,2015,96
TJK,2016,96
TJK,2017,97
TJK,2018,96
TJK,2019,97
TJK,2020,97
TJK,2021,97
TJK,2022,97
TJK,2023,96
TJK,2024,97
TKM,2000,97
TKM,2001,95
TKM,2002,98
TKM,2003,83
TKM,2004,97
TKM,2005,99
TKM,2006,98
TKM,2007,98
TKM,2008,96
TKM,2009,96
TKM,2010,96
TKM,2011,97
TKM,2012,97
TKM,2013,98
TKM,2014,98
TKM,2015,99
TKM,2016,98
TKM,2017,99
TKM,2018,99
TKM,2019,99
TKM,2020,98
TKM,2021,97
TKM,2022,98
TKM,2023,98
TKM,2024,98
TLS,2000,NA
TLS,2001,NA
TLS,2002,54
TLS,2003,55
TLS,2004,57
TLS,2005,55
TLS,2006,63
TLS,2007,70
TLS,2008,79
TLS,2009,72
TLS,2010,72
TLS,2011,67
TLS,2012,83
TLS,2013,82
TLS,2014,77
TLS,2015,76
TLS,2016,79
TLS,2017,83
TLS,2018,83
TLS,2019,83
TLS,2020,83
TLS,2021,83
TLS,2022,83
TLS,2023,83
TLS,2024,83
TON,2000,95
TON,2001,94
TON,2002,90
TON,2003,98
TON,2004,99
TON,2005,99
TON,2006,99
TON,2007,99
TON,2008,99
TON,2009,99
TON,2010,99
TON,2011,99
TON,2012,95
TON,2013,99
TON,2014,98
TON,2015,96
TON,2016,96
TON,2017,99
TON,2018,99
TON,2019,99
TON,2020,99
TON,2021,99
TON,2022,99
TON,2023,99
TON,2024,99
TTO,2000,90
TTO,2001,91
TTO,2002,96
TTO,2003,91
TTO,2004,94
TTO,2005,95
TTO,2006,92
TTO,2007,88
TTO,2008,90
TTO,2009,90
TTO,2010,90
TTO,2011,90
TTO,2012,92
TTO,2013,92
TTO,2014,92
TTO,2015,96
TTO,2016,97
TTO,2017,89
TTO,2018,99
TTO,2019,93
TTO,2020,96
TTO,2021,94
TTO,2022,93
TTO,2023,96
TTO,2024,92
TUN,2000,97
TUN,2001,98
TUN,2002,96
TUN,2003,95
TUN,2004,97
TUN,2005,98
TUN,2006,99
TUN,2007,98
TUN,2008,99
TUN,2009,99
TUN,2010,98
TUN,2011,98
TUN,2012,97
TUN,2013,98
TUN,2014,98
TUN,2015,98
TUN,2016,98
TUN,2017,98
TUN,2018,97
TUN,2019,98
TUN,2020,97
TUN,2021,97
TUN,2022,97
TUN,2023,97
TUN,2024,97
TUR,2000,85
TUR,2001,88
TUR,2002,78
TUR,2003,68
TUR,2004,85
TUR,2005,90
TUR,2006,90
TUR,2007,96
TUR,2008,96
TUR,2009,96
TUR,2010,97
TUR,2011,97
TUR,2012,97
TUR,2013,98
TUR,2014,96
TUR,2015,97
TUR,2016,98
TUR,2017,96
TUR,2018,98
TUR,2019,99
TUR,2020,98
TUR,2021,95
TUR,2022,99
TUR,2023,99
TUR,2024,99
TUV,2000,82
TUV,2001,96
TUV,2002,98
TUV,2003,93
TUV,2004,98
TUV,2005,93
TUV,2006,97
TUV,2007,97
TUV,2008,99
TUV,2009,88
TUV,2010,89
TUV,2011,96
TUV,2012,97
TUV,2013,90
TUV,2014,89
TUV,2015,96
TUV,2016,94
TUV,2017,96
TUV,2018,89
TUV,2019,92
TUV,2020,95
TUV,2021,94
TUV,2022,91
TUV,2023,94
TUV,2024,94
TZA,2000,79
TZA,2001,87
TZA,2002,89
TZA,2003,95
TZA,2004,95
TZA,2005,90
TZA,2006,90
TZA,2007,83
TZA,2008,86
TZA,2009,85
TZA,2010,91
TZA,2011,90
TZA,2012,92
TZA,2013,91
TZA,2014,97
TZA,2015,96
TZA,2016,92
TZA,2017,90
TZA,2018,89
TZA,2019,91
TZA,2020,91
TZA,2021,86
TZA,2022,87
TZA,2023,83
TZA,2024,83
UGA,2000,52
UGA,2001,55
UGA,2002,57
UGA,2003,59
UGA,2004,62
UGA,2005,64
UGA,2006,64
UGA,2007,73
UGA,2008,71
UGA,2009,79
UGA,2010,80
UGA,2011,82
UGA,2012,83
UGA,2013,84
UGA,2014,85
UGA,2015,89
UGA,2016,93
UGA,2017,94
UGA,2018,93
UGA,2019,93
UGA,2020,89
UGA,2021,91
UGA,2022,89
UGA,2023,91
UGA,2024,91
UKR,2000,99
UKR,2001,99
UKR,2002,99
UKR,2003,97
UKR,2004,99
UKR,2005,96
UKR,2006,98
UKR,2007,98
UKR,2008,90
UKR,2009,71
UKR,2010,52
UKR,2011,50
UKR,2012,76
UKR,2013,76
UKR,2014,23
UKR,2015,23
UKR,2016,19
UKR,2017,50
UKR,2018,69
UKR,2019,80
UKR,2020,81
UKR,2021,78
UKR,2022,73
UKR,2023,83
UKR,2024,88
URY,2000,90
URY,2001,94
URY,2002,95
URY,2003,91
URY,2004,94
URY,2005,96
URY,2006,95
URY,2007,94
URY,2008,94
URY,2009,95
URY,2010,95
URY,2011,95
URY,2012,95
URY,2013,95
URY,2014,95
URY,2015,95
URY,2016,95
URY,2017,93
URY,2018,91
URY,2019,94
URY,2020,92
URY,2021,91
URY,2022,94
URY,2023,95
URY,2024,94
USA,2000,94
USA,2001,94
USA,2002,94
USA,2003,96
USA,2004,96
USA,2005,96
USA,2006,96
USA,2007,96
USA,2008,96
USA,2009,95
USA,2010,95
USA,2011,96
USA,2012,94
USA,2013,94
USA,2014,95
USA,2015,95
USA,2016,95
USA,2017,94
USA,2018,94
USA,2019,94
USA,2020,93
USA,2021,94
USA,2022,94
USA,2023,94
USA,2024,94
UZB,2000,99
UZB,2001,99
UZB,2002,99
UZB,2003,98
UZB,2004,99
UZB,2005,99
UZB,2006,96
UZB,2007,96
UZB,2008,98
UZB,2009,98
UZB,2010,99
UZB,2011,99
UZB,2012,99
UZB,2013,99
UZB,2014,99
UZB,2015,99
UZB,2016,99
UZB,2017,99
UZB,2018,98
UZB,2019,96
UZB,2020,95
UZB,2021,98
UZB,2022,99
UZB,2023,99
UZB,2024,90
VCT,2000,98
VCT,2001,99
VCT,2002,99
VCT,2003,99
VCT,2004,99
VCT,2005,99
VCT,2006,99
VCT,2007,99
VCT,2008,99
VCT,2009,99
VCT,2010,99
VCT,2011,96
VCT,2012,96
VCT,2013,97
VCT,2014,98
VCT,2015,99
VCT,2016,99
VCT,2017,99
VCT,2018,97
VCT,2019,97
VCT,2020,97
VCT,2021,92
VCT,2022,99
VCT,2023,94
VCT,2024,99
VEN,2000,77
VEN,2001,70
VEN,2002,65
VEN,2003,68
VEN,2004,86
VEN,2005,87
VEN,2006,71
VEN,2007,62
VEN,2008,50
VEN,2009,84
VEN,2010,78
VEN,2011,78
VEN,2012,81
VEN,2013,82
VEN,2014,78
VEN,2015,87
VEN,2016,84
VEN,2017,66
VEN,2018,60
VEN,2019,64
VEN,2020,54
VEN,2021,56
VEN,2022,43
VEN,2023,54
VEN,2024,62
VNM,2000,96
VNM,2001,96
VNM,2002,75
VNM,2003,99
VNM,2004,96
VNM,2005,95
VNM,2006,94
VNM,2007,92
VNM,2008,93
VNM,2009,96
VNM,2010,93
VNM,2011,95
VNM,2012,97
VNM,2013,59
VNM,2014,95
VNM,2015,97
VNM,2016,96
VNM,2017,94
VNM,2018,75
VNM,2019,89
VNM,2020,94
VNM,2021,83
VNM,2022,91
VNM,2023,65
VNM,2024,97
VUT,2000,71
VUT,2001,70
VUT,2002,70
VUT,2003,69
VUT,2004,69
VUT,2005,68
VUT,2006,68
VUT,2007,70
VUT,2008,73
VUT,2009,75
VUT,2010,77
VUT,2011,79
VUT,2012,82
VUT,2013,84
VUT,2014,86
VUT,2015,80
VUT,2016,81
VUT,2017,85
VUT,2018,85
VUT,2019,90
VUT,2020,78
VUT,2021,62
VUT,2022,68
VUT,2023,72
VUT,2024,71
WSM,2000,98
WSM,2001,90
WSM,2002,92
WSM,2003,90
WSM,2004,63
WSM,2005,59
WSM,2006,50
WSM,2007,65
WSM,2008,39
WSM,2009,64
WSM,2010,78
WSM,2011,82
WSM,2012,82
WSM,2013,84
WSM,2014,78
WSM,2015,80
WSM,2016,74
WSM,2017,67
WSM,2018,44
WSM,2019,68
WSM,2020,89
WSM,2021,85
WSM,2022,76
WSM,2023,83
WSM,2024,85
YEM,2000,74
YEM,2001,73
YEM,2002,65
YEM,2003,61
YEM,2004,72
YEM,2005,79
YEM,2006,78
YEM,2007,79
YEM,2008,78
YEM,2009,76
YEM,2010,76
YEM,2011,69
YEM,2012,67
YEM,2013,71
YEM,2014,70
YEM,2015,63
YEM,2016,63
YEM,2017,59
YEM,2018,54
YEM,2019,60
YEM,2020,57
YEM,2021,56
YEM,2022,58
YEM,2023,46
YEM,2024,42
ZAF,2000,73
ZAF,2001,71
ZAF,2002,70
ZAF,2003,69
ZAF,2004,74
ZAF,2005,81
ZAF,2006,84
ZAF,2007,85
ZAF,2008,82
ZAF,2009,81
ZAF,2010,77
ZAF,2011,75
ZAF,2012,71
ZAF,2013,81
ZAF,2014,85
ZAF,2015,85
ZAF,2016,85
ZAF,2017,84
ZAF,2018,82
ZAF,2019,85
ZAF,2020,84
ZAF,2021,86
ZAF,2022,85
ZAF,2023,79
ZAF,2024,74
ZMB,2000,85
ZMB,2001,85
ZMB,2002,84
ZMB,2003,83
ZMB,2004,83
ZMB,2005,82
ZMB,2006,81
ZMB,2007,80
ZMB,2008,87
ZMB,2009,94
ZMB,2010,83
ZMB,2011,81
ZMB,2012,78
ZMB,2013,79
ZMB,2014,86
ZMB,2015,90
ZMB,2016,95
ZMB,2017,94
ZMB,2018,90
ZMB,2019,88
ZMB,2020,84
ZMB,2021,91
ZMB,2022,92
ZMB,2023,90
ZMB,2024,91
ZWE,2000,78
ZWE,2001,75
ZWE,2002,71
ZWE,2003,68
ZWE,2004,65
ZWE,2005,68
ZWE,2006,70
ZWE,2007,73
ZWE,2008,75
ZWE,2009,73
ZWE,2010,89
ZWE,2011,93
ZWE,2012,95
ZWE,2013,95
ZWE,2014,91
ZWE,2015,87
ZWE,2016,90
ZWE,2017,89
ZWE,2018,89
ZWE,2019,90
ZWE,2020,86
ZWE,2021,88
ZWE,2022,90
ZWE,2023,90
ZWE,2024,91
