iso3,year,mcv1
AFG,2000,27
AFG,2001,37
AFG,2002,35
AFG,2003,39
AFG,2004,48
AFG,2005,50
AFG,2006,53
AFG,2007,55
AFG,2008,59
AFG,2009,60
AFG,2010,62
AFG,2011,64
AFG,2012,59
AFG,2013,57
AFG,2014,60
AFG,2015,62
AFG,2016,64
AFG,2017,64
AFG,2018,66
AFG,2019,57
AFG,2020,57
AFG,2021,51
AFG,2022,56
AFG,2023,55
AFG,2024,55
AGO,2000,41
AGO,2001,72
AGO,2002,74
AGO,2003,62
AGO,2004,64
AGO,2005,45
AGO,2006,48
AGO,2007,58
AGO,2008,58
AGO,2009,58
AGO,2010,59
AGO,2011,59
AGO,2012,59
AGO,2013,59
AGO,2014,56
AGO,2015,52
AGO,2016,49
AGO,2017,47
AGO,2018,56
AGO,2019,59
AGO,2020,54
AGO,2021,48
AGO,2022,50
AGO,2023,63
AGO,2024,53
ALB,2000,95
ALB,2001,95
ALB,2002,96
ALB,2003,93
ALB,2004,96
ALB,2005,97
ALB,2006,95
ALB,2007,97
ALB,2008,98
ALB,2009,97
ALB,2010,99
ALB,2011,99
ALB,2012,98
ALB,2013,99
ALB,2014,98
ALB,2015,97
ALB,2016,96
ALB,2017,96
ALB,2018,94
ALB,2019,95
ALB,2020,91
ALB,2021,87
ALB,2022,86
ALB,2023,83
ALB,2024,81
AND,2000,97
AND,2001,97
AND,2002,98
AND,2003,96
AND,2004,98
AND,2005,94
AND,2006,91
AND,2007,94
AND,2008,98
AND,2009,98
AND,2010,99
AND,2011,99
AND,2012,98
AND,2013,95
AND,2014,96
AND,2015,96
AND,2016,97
AND,2017,99
AND,2018,99
AND,2019,99
AND,2020,98
AND,2021,99
AND,2022,98
AND,2023,99
AND,2024,98
ARE,2000,94
ARE,2001,94
ARE,2002,94
ARE,2003,94
ARE,2004,94
ARE,2005,92
ARE,2006,92
ARE,2007,92
ARE,2008,92
ARE,2009,93
ARE,2010,94
ARE,2011,95
ARE,2012,96
ARE,2013,98
ARE,2014,99
ARE,2015,99
ARE,2016,99
ARE,2017,99
ARE,2018,99
ARE,2019,99
ARE,2020,99
ARE,2021,99
ARE,2022,98
ARE,2023,98
ARE,2024,98
ARG,2000,91
ARG,2001,89
ARG,2002,95
ARG,2003,97
ARG,2004,99
ARG,2005,98
ARG,2006,97
ARG,2007,94
ARG,2008,96
ARG,2009,96
ARG,2010,95
ARG,2011,95
ARG,2012,94
ARG,2013,94
ARG,2014,95
ARG,2015,89
ARG,2016,90
ARG,2017,90
ARG,2018,94
ARG,2019,86
ARG,2020,77
ARG,2021,86
ARG,2022,85
ARG,2023,80
ARG,2024,82
ARM,2000,92
ARM,2001,93
ARM,2002,91
ARM,2003,94
ARM,2004,92
ARM,2005,94
ARM,2006,92
ARM,2007,92
ARM,2008,94
ARM,2009,96
ARM,2010,97
ARM,2011,97
ARM,2012,97
ARM,2013,97
ARM,2014,97
ARM,2015,97
ARM,2016,97
ARM,2017,96
ARM,2018,95
ARM,2019,95
ARM,2020,94
ARM,2021,94
ARM,2022,95
ARM,2023,96
ARM,2024,96
ATG,2000,95
ATG,2001,97
ATG,2002,99
ATG,2003,99
ATG,2004,97
ATG,2005,99
ATG,2006,99
ATG,2007,99
ATG,2008,99
ATG,2009,99
ATG,2010,98
ATG,2011,99
ATG,2012,98
ATG,2013,96
ATG,2014,93
ATG,2015,91
ATG,2016,88
ATG,2017,99
ATG,2018,96
ATG,2019,97
ATG,2020,89
ATG,2021,85
ATG,2022,99
ATG,2023,94
ATG,2024,97
AUS,2000,91
AUS,2001,92
AUS,2002,94
AUS,2003,94
AUS,2004,94
AUS,2005,94
AUS,2006,94
AUS,2007,94
AUS,2008,94
AUS,2009,94
AUS,2010,94
AUS,2011,94
AUS,2012,94
AUS,2013,94
AUS,2014,94
AUS,2015,95
AUS,2016,95
AUS,2017,94
AUS,2018,94
AUS,2019,94
AUS,2020,93
AUS,2021,93
AUS,2022,96
AUS,2023,91
AUS,2024,91
AUT,2000,75
AUT,2001,79
AUT,2002,78
AUT,2003,79
AUT,2004,74
AUT,2005,75
AUT,2006,80
AUT,2007,79
AUT,2008,83
AUT,2009,76
AUT,2010,80
AUT,2011,84
AUT,2012,88
AUT,2013,92
AUT,2014,96
AUT,2015,96
AUT,2016,95
AUT,2017,96
AUT,2018,94
AUT,2019,95
AUT,2020,95
AUT,2021,99
AUT,2022,95
AUT,2023,90
AUT,2024,90
AZE,2000,67
AZE,2001,68
AZE,2002,66
AZE,2003,67
AZE,2004,67
AZE,2005,67
AZE,2006,69
AZE,2007,75
AZE,2008,79
AZE,2009,85
AZE,2010,89
AZE,2011,88
AZE,2012,86
AZE,2013,86
AZE,2014,85
AZE,2015,84
AZE,2016,81
AZE,2017,80
AZE,2018,77
AZE,2019,78
AZE,2020,61
AZE,2021,66
AZE,2022,71
AZE,2023,71
AZE,2024,71
BDI,2000,72
BDI,2001,73
BDI,2002,75
BDI,2003,76
BDI,2004,78
BDI,2005,87
BDI,2006,92
BDI,2007,88
BDI,2008,84
BDI,2009,91
BDI,2010,92
BDI,2011,93
BDI,2012,93
BDI,2013,98
BDI,2014,94
BDI,2015,93
BDI,2016,93
BDI,2017,90
BDI,2018,88
BDI,2019,92
BDI,2020,90
BDI,2021,90
BDI,2022,89
BDI,2023,86
BDI,2024,86
BEL,2000,82
BEL,2001,82
BEL,2002,82
BEL,2003,82
BEL,2004,82
BEL,2005,88
BEL,2006,92
BEL,2007,92
BEL,2008,93
BEL,2009,95
BEL,2010,95
BEL,2011,95
BEL,2012,96
BEL,2013,96
BEL,2014,96
BEL,2015,96
BEL,2016,96
BEL,2017,96
BEL,2018,96
BEL,2019,96
BEL,2020,96
BEL,2021,96
BEL,2022,96
BEL,2023,96
BEL,2024,96
BEN,2000,70
BEN,2001,68
BEN,2002,66
BEN,2003,65
BEN,2004,63
BEN,2005,61
BEN,2006,66
BEN,2007,70
BEN,2008,66
BEN,2009,71
BEN,2010,68
BEN,2011,70
BEN,2012,74
BEN,2013,68
BEN,2014,65
BEN,2015,67
BEN,2016,68
BEN,2017,65
BEN,2018,61
BEN,2019,58
BEN,2020,54
BEN,2021,53
BEN,2022,52
BEN,2023,52
BEN,2024,44
BFA,2000,48
BFA,2001,63
BFA,2002,64
BFA,2003,76
BFA,2004,78
BFA,2005,84
BFA,2006,88
BFA,2007,94
BFA,2008,94
BFA,2009,94
BFA,2010,92
BFA,2011,89
BFA,2012,87
BFA,2013,82
BFA,2014,88
BFA,2015,88
BFA,2016,88
BFA,2017,88
BFA,2018,88
BFA,2019,88
BFA,2020,88
BFA,2021,88
BFA,2022,88
BFA,2023,88
BFA,2024,88
BGD,2000,74
BGD,2001,77
BGD,2002,75
BGD,2003,76
BGD,2004,81
BGD,2005,88
BGD,2006,83
BGD,2007,89
BGD,2008,92
BGD,2009,93
BGD,2010,88
BGD,2011,93
BGD,2012,88
BGD,2013,91
BGD,2014,94
BGD,2015,97
BGD,2016,97
BGD,2017,97
BGD,2018,97
BGD,2019,97
BGD,2020,97
BGD,2021,97
BGD,2022,96
BGD,2023,96
BGD,2024,96
BGR,2000,89
BGR,2001,90
BGR,2002,92
BGR,2003,96
BGR,2004,95
BGR,2005,96
BGR,2006,96
BGR,2007,96
BGR,2008,96
BGR,2009,96
BGR,2010,97
BGR,2011,95
BGR,2012,94
BGR,2013,95
BGR,2014,93
BGR,2015,92
BGR,2016,92
BGR,2017,94
BGR,2018,93
BGR,2019,95
BGR,2020,88
BGR,2021,89
BGR,2022,91
BGR,2023,92
BGR,2024,94
BHR,2000,98
BHR,2001,98
BHR,2002,99
BHR,2003,99
BHR,2004,99
BHR,2005,99
BHR,2006,99
BHR,2007,99
BHR,2008,99
BHR,2009,99
BHR,2010,99
BHR,2011,99
BHR,2012,99
BHR,2013,99
BHR,2014,99
BHR,2015,99
BHR,2016,99
BHR,2017,99
BHR,2018,99
BHR,2019,99
BHR,2020,99
BHR,2021,99
BHR,2022,99
BHR,2023,99
BHR,2024,99
BHS,2000,93
BHS,2001,94
BHS,2002,94
BHS,2003,90
BHS,2004,89
BHS,2005,85
BHS,2006,88
BHS,2007,96
BHS,2008,90
BHS,2009,98
BHS,2010,94
BHS,2011,90
BHS,2012,91
BHS,2013,92
BHS,2014,92
BHS,2015,94
BHS,2016,89
BHS,2017,90
BHS,2018,89
BHS,2019,83
BHS,2020,87
BHS,2021,82
BHS,2022,80
BHS,2023,86
BHS,2024,86
BIH,2000,80
BIH,2001,92
BIH,2002,89
BIH,2003,84
BIH,2004,88
BIH,2005,90
BIH,2006,85
BIH,2007,96
BIH,2008,84
BIH,2009,93
BIH,2010,91
BIH,2011,89
BIH,2012,94
BIH,2013,92
BIH,2014,89
BIH,2015,83
BIH,2016,68
BIH,2017,69
BIH,2018,68
BIH,2019,79
BIH,2020,70
BIH,2021,61
BIH,2022,58
BIH,2023,55
BIH,2024,69
BLR,2000,98
BLR,2001,99
BLR,2002,99
BLR,2003,99
BLR,2004,99
BLR,2005,99
BLR,2006,97
BLR,2007,99
BLR,2008,99
BLR,2009,99
BLR,2010,99
BLR,2011,99
BLR,2012,98
BLR,2013,99
BLR,2014,99
BLR,2015,99
BLR,2016,98
BLR,2017,97
BLR,2018,98
BLR,2019,98
BLR,2020,97
BLR,2021,98
BLR,2022,98
BLR,2023,97
BLR,2024,98
BLZ,2000,96
BLZ,2001,94
BLZ,2002,88
BLZ,2003,96
BLZ,2004,97
BLZ,2005,95
BLZ,2006,99
BLZ,2007,96
BLZ,2008,96
BLZ,2009,97
BLZ,2010,98
BLZ,2011,98
BLZ,2012,96
BLZ,2013,99
BLZ,2014,95
BLZ,2015,96
BLZ,2016,95
BLZ,2017,90
BLZ,2018,97
BLZ,2019,96
BLZ,2020,82
BLZ,2021,79
BLZ,2022,81
BLZ,2023,93
BLZ,2024,84
BOL,2000,84
BOL,2001,88
BOL,2002,91
BOL,2003,96
BOL,2004,90
BOL,2005,89
BOL,2006,88
BOL,2007,86
BOL,2008,92
BOL,2009,93
BOL,2010,88
BOL,2011,96
BOL,2012,92
BOL,2013,87
BOL,2014,89
BOL,2015,95
BOL,2016,94
BOL,2017,83
BOL,2018,89
BOL,2019,79
BOL,2020,74
BOL,2021,75
BOL,2022,69
BOL,2023,68
BOL,2024,67
BRA,2000,99
BRA,2001,99
BRA,2002,96
BRA,2003,97
BRA,2004,97
BRA,2005,98
BRA,2006,99
BRA,2007,99
BRA,2008,99
BRA,2009,99
BRA,2010,99
BRA,2011,99
BRA,2012,99
BRA,2013,98
BRA,2014,97
BRA,2015,96
BRA,2016,95
BRA,2017,87
BRA,2018,92
BRA,2019,91
BRA,2020,79
BRA,2021,73
BRA,2022,81
BRA,2023,87
BRA,2024,93
BRB,2000,94
BRB,2001,93
BRB,2002,91
BRB,2003,90
BRB,2004,98
BRB,2005,93
BRB,2006,92
BRB,2007,75
BRB,2008,94
BRB,2009,94
BRB,2010,85
BRB,2011,93
BRB,2012,90
BRB,2013,87
BRB,2014,95
BRB,2015,96
BRB,2016,92
BRB,2017,92
BRB,2018,85
BRB,2019,92
BRB,2020,89
BRB,2021,77
BRB,2022,85
BRB,2023,89
BRB,2024,88
BRN,2000,99
BRN,2001,99
BRN,2002,99
BRN,2003,98
BRN,2004,99
BRN,2005,98
BRN,2006,97
BRN,2007,97
BRN,2008,99
BRN,2009,99
BRN,2010,94
BRN,2011,91
BRN,2012,95
BRN,2013,96
BRN,2014,97
BRN,2015,96
BRN,2016,98
BRN,2017,97
BRN,2018,99
BRN,2019,97
BRN,2020,99
BRN,2021,99
BRN,2022,97
BRN,2023,97
BRN,2024,99
BTN,2000,78
BTN,2001,78
BTN,2002,78
BTN,2003,88
BTN,2004,87
BTN,2005,93
BTN,2006,90
BTN,2007,95
BTN,2008,99
BTN,2009,94
BTN,2010,95
BTN,2011,95
BTN,2012,95
BTN,2013,94
BTN,2014,97
BTN,2015,97
BTN,2016,97
BTN,2017,97
BTN,2018,97
BTN,2019,97
BTN,2020,93
BTN,2021,97
BTN,2022,97
BTN,2023,99
BTN,2024,97
BWA,2000,91
BWA,2001,91
BWA,2002,92
BWA,2003,92
BWA,2004,93
BWA,2005,93
BWA,2006,94
BWA,2007,95
BWA,2008,95
BWA,2009,96
BWA,2010,96
BWA,2011,97
BWA,2012,97
BWA,2013,97
BWA,2014,97
BWA,2015,97
BWA,2016,97
BWA,2017,97
BWA,2018,97
BWA,2019,97
BWA,2020,87
BWA,2021,97
BWA,2022,90
BWA,2023,97
BWA,2024,97
CAF,2000,36
CAF,2001,35
CAF,2002,42
CAF,2003,49
CAF,2004,55
CAF,2005,62
CAF,2006,61
CAF,2007,59
CAF,2008,58
CAF,2009,56
CAF,2010,53
CAF,2011,49
CAF,2012,48
CAF,2013,25
CAF,2014,47
CAF,2015,46
CAF,2016,45
CAF,2017,41
CAF,2018,39
CAF,2019,37
CAF,2020,36
CAF,2021,34
CAF,2022,32
CAF,2023,39
CAF,2024,41
CAN,2000,96
CAN,2001,95
CAN,2002,95
CAN,2003,95
CAN,2004,94
CAN,2005,94
CAN,2006,93
CAN,2007,94
CAN,2008,93
CAN,2009,91
CAN,2010,90
CAN,2011,88
CAN,2012,89
CAN,2013,90
CAN,2014,90
CAN,2015,89
CAN,2016,89
CAN,2017,90
CAN,2018,90
CAN,2019,90
CAN,2020,90
CAN,2021,90
CAN,2022,92
CAN,2023,92
CAN,2024,92
CHE,2000,82
CHE,2001,82
CHE,2002,82
CHE,2003,82
CHE,2004,82
CHE,2005,87
CHE,2006,87
CHE,2007,87
CHE,2008,92
CHE,2009,92
CHE,2010,92
CHE,2011,93
CHE,2012,93
CHE,2013,93
CHE,2014,94
CHE,2015,94
CHE,2016,94
CHE,2017,95
CHE,2018,95
CHE,2019,95
CHE,2020,97
CHE,2021,95
CHE,2022,96
CHE,2023,95
CHE,2024,96
CHL,2000,97
CHL,2001,96
CHL,2002,95
CHL,2003,96
CHL,2004,94
CHL,2005,90
CHL,2006,91
CHL,2007,92
CHL,2008,96
CHL,2009,93
CHL,2010,93
CHL,2011,91
CHL,2012,90
CHL,2013,90
CHL,2014,97
CHL,2015,96
CHL,2016,93
CHL,2017,93
CHL,2018,93
CHL,2019,95
CHL,2020,91
CHL,2021,92
CHL,2022,94
CHL,2023,94
CHL,2024,93
CHN,2000,84
CHN,2001,85
CHN,2002,85
CHN,2003,85
CHN,2004,86
CHN,2005,86
CHN,2006,93
CHN,2007,94
CHN,2008,97
CHN,2009,99
CHN,2010,99
CHN,2011,99
CHN,2012,99
CHN,2013,99
CHN,2014,99
CHN,2015,99
CHN,2016,99
CHN,2017,99
CHN,2018,99
CHN,2019,99
CHN,2020,99
CHN,2021,99
CHN,2022,99
CHN,2023,95
CHN,2024,95
CIV,2000,68
CIV,2001,71
CIV,2002,71
CIV,2003,70
CIV,2004,78
CIV,2005,84
CIV,2006,73
CIV,2007,67
CIV,2008,63
CIV,2009,67
CIV,2010,64
CIV,2011,49
CIV,2012,74
CIV,2013,70
CIV,2014,59
CIV,2015,67
CIV,2016,73
CIV,2017,70
CIV,2018,74
CIV,2019,71
CIV,2020,63
CIV,2021,65
CIV,2022,62
CIV,2023,70
CIV,2024,75
CMR,2000,49
CMR,2001,51
CMR,2002,53
CMR,2003,61
CMR,2004,64
CMR,2005,68
CMR,2006,73
CMR,2007,74
CMR,2008,80
CMR,2009,74
CMR,2010,79
CMR,2011,76
CMR,2012,74
CMR,2013,71
CMR,2014,71
CMR,2015,71
CMR,2016,72
CMR,2017,67
CMR,2018,61
CMR,2019,61
CMR,2020,63
CMR,2021,65
CMR,2022,68
CMR,2023,71
CMR,2024,71
COD,2000,26
COD,2001,34
COD,2002,41
COD,2003,48
COD,2004,57
COD,2005,61
COD,2006,63
COD,2007,64
COD,2008,64
COD,2009,65
COD,2010,66
COD,2011,66
COD,2012,69
COD,2013,68
COD,2014,69
COD,2015,65
COD,2016,63
COD,2017,65
COD,2018,64
COD,2019,65
COD,2020,62
COD,2021,55
COD,2022,56
COD,2023,52
COD,2024,55
COG,2000,34
COG,2001,35
COG,2002,37
COG,2003,50
COG,2004,65
COG,2005,54
COG,2006,61
COG,2007,59
COG,2008,69
COG,2009,63
COG,2010,75
COG,2011,83
COG,2012,80
COG,2013,80
COG,2014,80
COG,2015,80
COG,2016,67
COG,2017,70
COG,2018,75
COG,2019,73
COG,2020,68
COG,2021,68
COG,2022,65
COG,2023,65
COG,2024,72
COK,2000,76
COK,2001,83
COK,2002,95
COK,2003,99
COK,2004,99
COK,2005,99
COK,2006,99
COK,2007,98
COK,2008,95
COK,2009,78
COK,2010,99
COK,2011,89
COK,2012,97
COK,2013,97
COK,2014,98
COK,2015,99
COK,2016,90
COK,2017,98
COK,2018,99
COK,2019,99
COK,2020,87
COK,2021,74
COK,2022,61
COK,2023,84
COK,2024,99
COL,2000,88
COL,2001,93
COL,2002,93
COL,2003,93
COL,2004,92
COL,2005,94
COL,2006,95
COL,2007,95
COL,2008,92
COL,2009,95
COL,2010,88
COL,2011,88
COL,2012,94
COL,2013,92
COL,2014,91
COL,2015,94
COL,2016,93
COL,2017,93
COL,2018,95
COL,2019,95
COL,2020,90
COL,2021,86
COL,2022,88
COL,2023,93
COL,2024,93
COM,2000,70
COM,2001,70
COM,2002,71
COM,2003,67
COM,2004,76
COM,2005,67
COM,2006,66
COM,2007,65
COM,2008,76
COM,2009,79
COM,2010,72
COM,2011,79
COM,2012,85
COM,2013,82
COM,2014,80
COM,2015,81
COM,2016,77
COM,2017,75
COM,2018,74
COM,2019,76
COM,2020,75
COM,2021,68
COM,2022,71
COM,2023,70
COM,2024,70
CPV,2000,86
CPV,2001,88
CPV,2002,89
CPV,2003,90
CPV,2004,91
CPV,2005,93
CPV,2006,94
CPV,2007,96
CPV,2008,97
CPV,2009,97
CPV,2010,97
CPV,2011,96
CPV,2012,91
CPV,2013,91
CPV,2014,93
CPV,2015,92
CPV,2016,93
CPV,2017,96
CPV,2018,99
CPV,2019,98
CPV,2020,95
CPV,2021,95
CPV,2022,95
CPV,2023,95
CPV,2024,95
CRI,2000,82
CRI,2001,82
CRI,2002,94
CRI,2003,89
CRI,2004,88
CRI,2005,89
CRI,2006,90
CRI,2007,90
CRI,2008,89
CRI,2009,81
CRI,2010,83
CRI,2011,83
CRI,2012,90
CRI,2013,91
CRI,2014,95
CRI,2015,93
CRI,2016,93
CRI,2017,96
CRI,2018,94
CRI,2019,95
CRI,2020,95
CRI,2021,89
CRI,2022,90
CRI,2023,93
CRI,2024,93
CUB,2000,94
CUB,2001,96
CUB,2002,98
CUB,2003,99
CUB,2004,99
CUB,2005,98
CUB,2006,96
CUB,2007,97
CUB,2008,98
CUB,2009,99
CUB,2010,99
CUB,2011,99
CUB,2012,99
CUB,2013,99
CUB,2014,99
CUB,2015,99
CUB,2016,99
CUB,2017,99
CUB,2018,99
CUB,2019,99
CUB,2020,98
CUB,2021,99
CUB,2022,99
CUB,2023,99
CUB,2024,99
CYP,2000,86
CYP,2001,86
CYP,2002,86
CYP,2003,86
CYP,2004,86
CYP,2005,86
CYP,2006,87
CYP,2007,87
CYP,2008,87
CYP,2009,87
CYP,2010,87
CYP,2011,87
CYP,2012,86
CYP,2013,86
CYP,2014,86
CYP,2015,90
CYP,2016,90
CYP,2017,90
CYP,2018,90
CYP,2019,86
CYP,2020,86
CYP,2021,86
CYP,2022,84
CYP,2023,82
CYP,2024,99
CZE,2000,97
CZE,2001,97
CZE,2002,98
CZE,2003,97
CZE,2004,97
CZE,2005,97
CZE,2006,97
CZE,2007,98
CZE,2008,97
CZE,2009,98
CZE,2010,98
CZE,2011,98
CZE,2012,98
CZE,2013,99
CZE,2014,99
CZE,2015,99
CZE,2016,98
CZE,2017,97
CZE,2018,96
CZE,2019,92
CZE,2020,94
CZE,2021,97
CZE,2022,97
CZE,2023,87
CZE,2024,89
DEU,2000,92
DEU,2001,94
DEU,2002,94
DEU,2003,95
DEU,2004,96
DEU,2005,96
DEU,2006,96
DEU,2007,97
DEU,2008,97
DEU,2009,97
DEU,2010,97
DEU,2011,97
DEU,2012,97
DEU,2013,97
DEU,2014,97
DEU,2015,97
DEU,2016,97
DEU,2017,97
DEU,2018,97
DEU,2019,97
DEU,2020,97
DEU,2021,98
DEU,2022,96
DEU,2023,96
DEU,2024,96
DJI,2000,50
DJI,2001,49
DJI,2002,62
DJI,2003,66
DJI,2004,60
DJI,2005,65
DJI,2006,67
DJI,2007,74
DJI,2008,73
DJI,2009,84
DJI,2010,85
DJI,2011,84
DJI,2012,83
DJI,2013,80
DJI,2014,71
DJI,2015,74
DJI,2016,75
DJI,2017,81
DJI,2018,86
DJI,2019,83
DJI,2020,62
DJI,2021,50
DJI,2022,50
DJI,2023,76
DJI,2024,75
DMA,2000,99
DMA,2001,99
DMA,2002,99
DMA,2003,99
DMA,2004,99
DMA,2005,98
DMA,2006,97
DMA,2007,96
DMA,2008,99
DMA,2009,99
DMA,2010,99
DMA,2011,99
DMA,2012,99
DMA,2013,93
DMA,2014,94
DMA,2015,96
DMA,2016,96
DMA,2017,77
DMA,2018,84
DMA,2019,92
DMA,2020,92
DMA,2021,88
DMA,2022,87
DMA,2023,84
DMA,2024,80
DNK,2000,99
DNK,2001,94
DNK,2002,95
DNK,2003,96
DNK,2004,96
DNK,2005,95
DNK,2006,90
DNK,2007,89
DNK,2008,87
DNK,2009,84
DNK,2010,85
DNK,2011,87
DNK,2012,90
DNK,2013,89
DNK,2014,90
DNK,2015,91
DNK,2016,94
DNK,2017,97
DNK,2018,95
DNK,2019,96
DNK,2020,94
DNK,2021,95
DNK,2022,95
DNK,2023,95
DNK,2024,94
DOM,2000,85
DOM,2001,88
DOM,2002,86
DOM,2003,83
DOM,2004,81
DOM,2005,79
DOM,2006,80
DOM,2007,80
DOM,2008,80
DOM,2009,81
DOM,2010,81
DOM,2011,82
DOM,2012,82
DOM,2013,77
DOM,2014,82
DOM,2015,84
DOM,2016,79
DOM,2017,80
DOM,2018,85
DOM,2019,90
DOM,2020,76
DOM,2021,82
DOM,2022,85
DOM,2023,88
DOM,2024,89
DZA,2000,80
DZA,2001,83
DZA,2002,81
DZA,2003,84
DZA,2004,81
DZA,2005,83
DZA,2006,91
DZA,2007,92
DZA,2008,88
DZA,2009,92
DZA,2010,95
DZA,2011,95
DZA,2012,95
DZA,2013,95
DZA,2014,95
DZA,2015,95
DZA,2016,94
DZA,2017,88
DZA,2018,80
DZA,2019,80
DZA,2020,80
DZA,2021,79
DZA,2022,79
DZA,2023,99
DZA,2024,94
ECU,2000,99
ECU,2001,99
ECU,2002,99
ECU,2003,99
ECU,2004,99
ECU,2005,93
ECU,2006,97
ECU,2007,98
ECU,2008,98
ECU,2009,97
ECU,2010,95
ECU,2011,94
ECU,2012,96
ECU,2013,97
ECU,2014,85
ECU,2015,84
ECU,2016,86
ECU,2017,81
ECU,2018,83
ECU,2019,83
ECU,2020,81
ECU,2021,65
ECU,2022,74
ECU,2023,74
ECU,2024,74
EGY,2000,98
EGY,2001,97
EGY,2002,97
EGY,2003,98
EGY,2004,97
EGY,2005,98
EGY,2006,98
EGY,2007,97
EGY,2008,92
EGY,2009,95
EGY,2010,96
EGY,2011,96
EGY,2012,93
EGY,2013,96
EGY,2014,93
EGY,2015,92
EGY,2016,95
EGY,2017,94
EGY,2018,94
EGY,2019,95
EGY,2020,94
EGY,2021,96
EGY,2022,96
EGY,2023,96
EGY,2024,97
ERI,2000,76
ERI,2001,84
ERI,2002,83
ERI,2003,92
ERI,2004,96
ERI,2005,95
ERI,2006,94
ERI,2007,92
ERI,2008,91
ERI,2009,93
ERI,2010,95
ERI,2011,96
ERI,2012,98
ERI,2013,94
ERI,2014,90
ERI,2015,97
ERI,2016,95
ERI,2017,93
ERI,2018,93
ERI,2019,93
ERI,2020,93
ERI,2021,93
ERI,2022,93
ERI,2023,93
ERI,2024,93
ESP,2000,94
ESP,2001,96
ESP,2002,97
ESP,2003,98
ESP,2004,97
ESP,2005,97
ESP,2006,97
ESP,2007,97
ESP,2008,98
ESP,2009,98
ESP,2010,95
ESP,2011,97
ESP,2012,97
ESP,2013,95
ESP,2014,96
ESP,2015,96
ESP,2016,97
ESP,2017,98
ESP,2018,98
ESP,2019,98
ESP,2020,96
ESP,2021,95
ESP,2022,97
ESP,2023,96
ESP,2024,97
EST,2000,93
EST,2001,95
EST,2002,95
EST,2003,95
EST,2004,96
EST,2005,96
EST,2006,96
EST,2007,96
EST,2008,95
EST,2009,95
EST,2010,95
EST,2011,94
EST,2012,94
EST,2013,94
EST,2014,93
EST,2015,93
EST,2016,93
EST,2017,93
EST,2018,87
EST,2019,88
EST,2020,91
EST,2021,89
EST,2022,87
EST,2023,85
EST,2024,83
ETH,2000,28
ETH,2001,29
ETH,2002,32
ETH,2003,33
ETH,2004,35
ETH,2005,40
ETH,2006,44
ETH,2007,49
ETH,2008,54
ETH,2009,59
ETH,2010,64
ETH,2011,68
ETH,2012,62
ETH,2013,55
ETH,2014,54
ETH,2015,56
ETH,2016,57
ETH,2017,59
ETH,2018,54
ETH,2019,56
ETH,2020,57
ETH,2021,60
ETH,2022,62
ETH,2023,68
ETH,2024,72
FIN,2000,96
FIN,2001,96
FIN,2002,96
FIN,2003,97
FIN,2004,97
FIN,2005,97
FIN,2006,97
FIN,2007,98
FIN,2008,97
FIN,2009,98
FIN,2010,98
FIN,2011,97
FIN,2012,97
FIN,2013,97
FIN,2014,96
FIN,2015,95
FIN,2016,95
FIN,2017,94
FIN,2018,96
FIN,2019,96
FIN,2020,95
FIN,2021,93
FIN,2022,94
FIN,2023,94
FIN,2024,94
FJI,2000,81
FJI,2001,83
FJI,2002,85
FJI,2003,86
FJI,2004,88
FJI,2005,90
FJI,2006,92
FJI,2007,94
FJI,2008,95
FJI,2009,95
FJI,2010,96
FJI,2011,96
FJI,2012,98
FJI,2013,94
FJI,2014,99
FJI,2015,98
FJI,2016,97
FJI,2017,99
FJI,2018,95
FJI,2019,94
FJI,2020,92
FJI,2021,98
FJI,2022,99
FJI,2023,98
FJI,2024,91
FRA,2000,84
FRA,2001,85
FRA,2002,86
FRA,2003,87
FRA,2004,88
FRA,2005,87
FRA,2006,89
FRA,2007,90
FRA,2008,89
FRA,2009,89
FRA,2010,89
FRA,2011,89
FRA,2012,91
FRA,2013,90
FRA,2014,91
FRA,2015,91
FRA,2016,90
FRA,2017,90
FRA,2018,91
FRA,2019,92
FRA,2020,94
FRA,2021,94
FRA,2022,95
FRA,2023,95
FRA,2024,95
FSM,2000,85
FSM,2001,84
FSM,2002,88
FSM,2003,91
FSM,2004,85
FSM,2005,96
FSM,2006,83
FSM,2007,92
FSM,2008,86
FSM,2009,86
FSM,2010,80
FSM,2011,92
FSM,2012,91
FSM,2013,91
FSM,2014,83
FSM,2015,74
FSM,2016,70
FSM,2017,76
FSM,2018,73
FSM,2019,78
FSM,2020,79
FSM,2021,64
FSM,2022,69
FSM,2023,86
FSM,2024,81
GAB,2000,55
GAB,2001,55
GAB,2002,55
GAB,2003,55
GAB,2004,55
GAB,2005,55
GAB,2006,55
GAB,2007,62
GAB,2008,67
GAB,2009,63
GAB,2010,62
GAB,2011,72
GAB,2012,71
GAB,2013,70
GAB,2014,61
GAB,2015,68
GAB,2016,64
GAB,2017,63
GAB,2018,59
GAB,2019,62
GAB,2020,53
GAB,2021,64
GAB,2022,52
GAB,2023,66
GAB,2024,57
GBR,2000,88
GBR,2001,85
GBR,2002,85
GBR,2003,82
GBR,2004,81
GBR,2005,82
GBR,2006,85
GBR,2007,86
GBR,2008,86
GBR,2009,86
GBR,2010,89
GBR,2011,90
GBR,2012,92
GBR,2013,93
GBR,2014,93
GBR,2015,93
GBR,2016,92
GBR,2017,92
GBR,2018,92
GBR,2019,91
GBR,2020,91
GBR,2021,91
GBR,2022,90
GBR,2023,90
GBR,2024,89
GEO,2000,73
GEO,2001,74
GEO,2002,75
GEO,2003,76
GEO,2004,86
GEO,2005,90
GEO,2006,96
GEO,2007,97
GEO,2008,97
GEO,2009,83
GEO,2010,94
GEO,2011,91
GEO,2012,93
GEO,2013,97
GEO,2014,92
GEO,2015,96
GEO,2016,93
GEO,2017,95
GEO,2018,98
GEO,2019,99
GEO,2020,91
GEO,2021,90
GEO,2022,90
GEO,2023,95
GEO,2024,90
GHA,2000,90
GHA,2001,78
GHA,2002,78
GHA,2003,80
GHA,2004,83
GHA,2005,83
GHA,2006,85
GHA,2007,95
GHA,2008,86
GHA,2009,93
GHA,2010,93
GHA,2011,91
GHA,2012,89
GHA,2013,89
GHA,2014,92
GHA,2015,89
GHA,2016,89
GHA,2017,95
GHA,2018,92
GHA,2019,92
GHA,2020,88
GHA,2021,94
GHA,2022,95
GHA,2023,90
GHA,2024,90
GIN,2000,42
GIN,2001,44
GIN,2002,46
GIN,2003,48
GIN,2004,50
GIN,2005,51
GIN,2006,51
GIN,2007,57
GIN,2008,55
GIN,2009,53
GIN,2010,58
GIN,2011,62
GIN,2012,58
GIN,2013,55
GIN,2014,51
GIN,2015,47
GIN,2016,48
GIN,2017,48
GIN,2018,49
GIN,2019,50
GIN,2020,50
GIN,2021,51
GIN,2022,51
GIN,2023,52
GIN,2024,60
GMB,2000,89
GMB,2001,89
GMB,2002,90
GMB,2003,90
GMB,2004,92
GMB,2005,91
GMB,2006,89
GMB,2007,88
GMB,2008,92
GMB,2009,96
GMB,2010,92
GMB,2011,91
GMB,2012,95
GMB,2013,96
GMB,2014,96
GMB,2015,97
GMB,2016,97
GMB,2017,90
GMB,2018,91
GMB,2019,85
GMB,2020,82
GMB,2021,79
GMB,2022,74
GMB,2023,80
GMB,2024,83
GNB,2000,71
GNB,2001,72
GNB,2002,73
GNB,2003,74
GNB,2004,75
GNB,2005,76
GNB,2006,74
GNB,2007,73
GNB,2008,71
GNB,2009,69
GNB,2010,76
GNB,2011,83
GNB,2012,81
GNB,2013,81
GNB,2014,81
GNB,2015,80
GNB,2016,80
GNB,2017,66
GNB,2018,79
GNB,2019,79
GNB,2020,72
GNB,2021,63
GNB,2022,75
GNB,2023,72
GNB,2024,65
GNQ,2000,50
GNQ,2001,50
GNQ,2002,49
GNQ,2003,48
GNQ,2004,48
GNQ,2005,47
GNQ,2006,47
GNQ,2007,46
GNQ,2008,45
GNQ,2009,45
GNQ,2010,44
GNQ,2011,46
GNQ,2012,49
GNQ,2013,51
GNQ,2014,53
GNQ,2015,50
GNQ,2016,53
GNQ,2017,52
GNQ,2018,52
GNQ,2019,51
GNQ,2020,50
GNQ,2021,50
GNQ,2022,49
GNQ,2023,61
GNQ,2024,53
GRC,2000,89
GRC,2001,91
GRC,2002,92
GRC,2003,94
GRC,2004,95
GRC,2005,96
GRC,2006,98
GRC,2007,99
GRC,2008,99
GRC,2009,99
GRC,2010,99
GRC,2011,99
GRC,2012,99
GRC,2013,99
GRC,2014,97
GRC,2015,97
GRC,2016,97
GRC,2017,97
GRC,2018,97
GRC,2019,97
GRC,2020,97
GRC,2021,97
GRC,2022,94
GRC,2023,91
GRC,2024,91
GRD,2000,92
GRD,2001,99
GRD,2002,96
GRD,2003,99
GRD,2004,74
GRD,2005,99
GRD,2006,98
GRD,2007,98
GRD,2008,99
GRD,2009,98
GRD,2010,95
GRD,2011,95
GRD,2012,94
GRD,2013,94
GRD,2014,94
GRD,2015,99
GRD,2016,95
GRD,2017,85
GRD,2018,84
GRD,2019,94
GRD,2020,83
GRD,2021,70
GRD,2022,76
GRD,2023,82
GRD,2024,83
GTM,2000,86
GTM,2001,91
GTM,2002,92
GTM,2003,94
GTM,2004,95
GTM,2005,93
GTM,2006,95
GTM,2007,86
GTM,2008,96
GTM,2009,92
GTM,2010,93
GTM,2011,89
GTM,2012,93
GTM,2013,91
GTM,2014,68
GTM,2015,79
GTM,2016,89
GTM,2017,94
GTM,2018,89
GTM,2019,90
GTM,2020,89
GTM,2021,88
GTM,2022,86
GTM,2023,89
GTM,2024,90
GUY,2000,86
GUY,2001,92
GUY,2002,93
GUY,2003,89
GUY,2004,88
GUY,2005,92
GUY,2006,90
GUY,2007,96
GUY,2008,95
GUY,2009,97
GUY,2010,95
GUY,2011,98
GUY,2012,99
GUY,2013,99
GUY,2014,99
GUY,2015,99
GUY,2016,99
GUY,2017,99
GUY,2018,98
GUY,2019,98
GUY,2020,98
GUY,2021,95
GUY,2022,97
GUY,2023,98
GUY,2024,99
HND,2000,98
HND,2001,99
HND,2002,97
HND,2003,95
HND,2004,92
HND,2005,96
HND,2006,95
HND,2007,94
HND,2008,93
HND,2009,98
HND,2010,98
HND,2011,97
HND,2012,97
HND,2013,97
HND,2014,97
HND,2015,98
HND,2016,98
HND,2017,98
HND,2018,91
HND,2019,89
HND,2020,82
HND,2021,81
HND,2022,77
HND,2023,77
HND,2024,79
HRV,2000,93
HRV,2001,94
HRV,2002,95
HRV,2003,94
HRV,2004,96
HRV,2005,96
HRV,2006,95
HRV,2007,96
HRV,2008,96
HRV,2009,95
HRV,2010,96
HRV,2011,96
HRV,2012,95
HRV,2013,94
HRV,2014,94
HRV,2015,93
HRV,2016,90
HRV,2017,89
HRV,2018,93
HRV,2019,93
HRV,2020,91
HRV,2021,89
HRV,2022,90
HRV,2023,90
HRV,2024,90
HTI,2000,54
HTI,2001,54
HTI,2002,53
HTI,2003,53
HTI,2004,53
HTI,2005,53
HTI,2006,55
HTI,2007,57
HTI,2008,59
HTI,2009,62
HTI,2010,63
HTI,2011,65
HTI,2012,66
HTI,2013,68
HTI,2014,69
HTI,2015,69
HTI,2016,67
HTI,2017,65
HTI,2018,70
HTI,2019,74
HTI,2020,74
HTI,2021,63
HTI,2022,66
HTI,2023,72
HTI,2024,77
HUN,2000,99
HUN,2001,99
HUN,2002,99
HUN,2003,99
HUN,2004,99
HUN,2005,99
HUN,2006,99
HUN,2007,99
HUN,2008,99
HUN,2009,99
HUN,2010,99
HUN,2011,99
HUN,2012,99
HUN,2013,99
HUN,2014,99
HUN,2015,99
HUN,2016,99
HUN,2017,99
HUN,2018,99
HUN,2019,99
HUN,2020,99
HUN,2021,99
HUN,2022,99
HUN,2023,99
HUN,2024,99
IDN,2000,76
IDN,2001,76
IDN,2002,72
IDN,2003,74
IDN,2004,76
IDN,2005,77
IDN,2006,79
IDN,2007,76
IDN,2008,76
IDN,2009,74
IDN,2010,78
IDN,2011,80
IDN,2012,82
IDN,2013,87
IDN,2014,86
IDN,2015,87
IDN,2016,88
IDN,2017,90
IDN,2018,89
IDN,2019,88
IDN,2020,76
IDN,2021,72
IDN,2022,92
IDN,2023,82
IDN,2024,85
IND,2000,56
IND,2001,57
IND,2002,56
IND,2003,60
IND,2004,64
IND,2005,68
IND,2006,69
IND,2007,70
IND,2008,72
IND,2009,78
IND,2010,82
IND,2011,84
IND,2012,83
IND,2013,83
IND,2014,85
IND,2015,87
IND,2016,88
IND,2017,90
IND,2018,93
IND,2019,95
IND,2020,89
IND,2021,89
IND,2022,95
IND,2023,93
IND,2024,97
IRL,2000,79
IRL,2001,73
IRL,2002,73
IRL,2003,78
IRL,2004,81
IRL,2005,84
IRL,2006,86
IRL,2007,87
IRL,2008,89
IRL,2009,90
IRL,2010,90
IRL,2011,92
IRL,2012,92
IRL,2013,93
IRL,2014,93
IRL,2015,93
IRL,2016,92
IRL,2017,92
IRL,2018,92
IRL,2019,91
IRL,2020,92
IRL,2021,90
IRL,2022,90
IRL,2023,89
IRL,2024,90
IRN,2000,99
IRN,2001,96
IRN,2002,99
IRN,2003,99
IRN,2004,96
IRN,2005,94
IRN,2006,99
IRN,2007,97
IRN,2008,98
IRN,2009,99
IRN,2010,99
IRN,2011,99
IRN,2012,98
IRN,2013,98
IRN,2014,99
IRN,2015,99
IRN,2016,99
IRN,2017,99
IRN,2018,99
IRN,2019,99
IRN,2020,99
IRN,2021,99
IRN,2022,99
IRN,2023,99
IRN,2024,99
IRQ,2000,86
IRQ,2001,82
IRQ,2002,77
IRQ,2003,73
IRQ,2004,69
IRQ,2005,69
IRQ,2006,62
IRQ,2007,64
IRQ,2008,75
IRQ,2009,81
IRQ,2010,75
IRQ,2011,80
IRQ,2012,74
IRQ,2013,73
IRQ,2014,70
IRQ,2015,71
IRQ,2016,79
IRQ,2017,81
IRQ,2018,85
IRQ,2019,86
IRQ,2020,93
IRQ,2021,84
IRQ,2022,97
IRQ,2023,97
IRQ,2024,91
ISL,2000,91
ISL,2001,88
ISL,2002,91
ISL,2003,93
ISL,2004,93
ISL,2005,90
ISL,2006,95
ISL,2007,95
ISL,2008,96
ISL,2009,92
ISL,2010,93
ISL,2011,94
ISL,2012,90
ISL,2013,91
ISL,2014,90
ISL,2015,93
ISL,2016,91
ISL,2017,92
ISL,2018,93
ISL,2019,93
ISL,2020,93
ISL,2021,92
ISL,2022,91
ISL,2023,91
ISL,2024,97
ISR,2000,95
ISR,2001,95
ISR,2002,95
ISR,2003,96
ISR,2004,97
ISR,2005,94
ISR,2006,96
ISR,2007,97
ISR,2008,98
ISR,2009,97
ISR,2010,96
ISR,2011,97
ISR,2012,96
ISR,2013,98
ISR,2014,97
ISR,2015,98
ISR,2016,97
ISR,2017,98
ISR,2018,98
ISR,2019,99
ISR,2020,99
ISR,2021,99
ISR,2022,98
ISR,2023,98
ISR,2024,98
ITA,2000,74
ITA,2001,77
ITA,2002,81
ITA,2003,84
ITA,2004,86
ITA,2005,87
ITA,2006,88
ITA,2007,90
ITA,2008,90
ITA,2009,90
ITA,2010,91
ITA,2011,90
ITA,2012,90
ITA,2013,90
ITA,2014,87
ITA,2015,85
ITA,2016,87
ITA,2017,92
ITA,2018,93
ITA,2019,94
ITA,2020,92
ITA,2021,94
ITA,2022,94
ITA,2023,95
ITA,2024,95
JAM,2000,88
JAM,2001,85
JAM,2002,86
JAM,2003,78
JAM,2004,86
JAM,2005,84
JAM,2006,87
JAM,2007,76
JAM,2008,88
JAM,2009,88
JAM,2010,89
JAM,2011,88
JAM,2012,93
JAM,2013,94
JAM,2014,92
JAM,2015,91
JAM,2016,95
JAM,2017,95
JAM,2018,89
JAM,2019,94
JAM,2020,93
JAM,2021,88
JAM,2022,91
JAM,2023,93
JAM,2024,94
JOR,2000,94
JOR,2001,99
JOR,2002,95
JOR,2003,96
JOR,2004,99
JOR,2005,95
JOR,2006,99
JOR,2007,95
JOR,2008,95
JOR,2009,95
JOR,2010,98
JOR,2011,98
JOR,2012,98
JOR,2013,97
JOR,2014,98
JOR,2015,94
JOR,2016,96
JOR,2017,93
JOR,2018,92
JOR,2019,87
JOR,2020,76
JOR,2021,81
JOR,2022,86
JOR,2023,95
JOR,2024,99
JPN,2000,96
JPN,2001,98
JPN,2002,98
JPN,2003,98
JPN,2004,98
JPN,2005,98
JPN,2006,97
JPN,2007,96
JPN,2008,95
JPN,2009,94
JPN,2010,94
JPN,2011,94
JPN,2012,96
JPN,2013,95
JPN,2014,98
JPN,2015,96
JPN,2016,96
JPN,2017,97
JPN,2018,97
JPN,2019,96
JPN,2020,98
JPN,2021,95
JPN,2022,98
JPN,2023,94
JPN,2024,95
KAZ,2000,99
KAZ,2001,95
KAZ,2002,95
KAZ,2003,99
KAZ,2004,99
KAZ,2005,99
KAZ,2006,99
KAZ,2007,99
KAZ,2008,99
KAZ,2009,99
KAZ,2010,99
KAZ,2011,99
KAZ,2012,96
KAZ,2013,99
KAZ,2014,99
KAZ,2015,99
KAZ,2016,99
KAZ,2017,99
KAZ,2018,99
KAZ,2019,99
KAZ,2020,93
KAZ,2021,97
KAZ,2022,99
KAZ,2023,99
KAZ,2024,93
KEN,2000,78
KEN,2001,77
KEN,2002,78
KEN,2003,72
KEN,2004,73
KEN,2005,69
KEN,2006,77
KEN,2007,80
KEN,2008,90
KEN,2009,88
KEN,2010,86
KEN,2011,87
KEN,2012,93
KEN,2013,94
KEN,2014,95
KEN,2015,96
KEN,2016,93
KEN,2017,84
KEN,2018,92
KEN,2019,92
KEN,2020,89
KEN,2021,90
KEN,2022,89
KEN,2023,91
KEN,2024,88
KGZ,2000,98
KGZ,2001,99
KGZ,2002,98
KGZ,2003,99
KGZ,2004,99
KGZ,2005,99
KGZ,2006,97
KGZ,2007,99
KGZ,2008,99
KGZ,2009,99
KGZ,2010,99
KGZ,2011,97
KGZ,2012,98
KGZ,2013,99
KGZ,2014,96
KGZ,2015,99
KGZ,2016,97
KGZ,2017,95
KGZ,2018,96
KGZ,2019,96
KGZ,2020,92
KGZ,2021,93
KGZ,2022,94
KGZ,2023,96
KGZ,2024,96
KHM,2000,65
KHM,2001,59
KHM,2002,52
KHM,2003,65
KHM,2004,80
KHM,2005,79
KHM,2006,78
KHM,2007,79
KHM,2008,89
KHM,2009,92
KHM,2010,90
KHM,2011,88
KHM,2012,84
KHM,2013,79
KHM,2014,83
KHM,2015,85
KHM,2016,85
KHM,2017,85
KHM,2018,86
KHM,2019,87
KHM,2020,83
KHM,2021,83
KHM,2022,83
KHM,2023,79
KHM,2024,83
KIR,2000,80
KIR,2001,76
KIR,2002,88
KIR,2003,72
KIR,2004,56
KIR,2005,85
KIR,2006,61
KIR,2007,93
KIR,2008,72
KIR,2009,82
KIR,2010,89
KIR,2011,90
KIR,2012,91
KIR,2013,91
KIR,2014,88
KIR,2015,84
KIR,2016,80
KIR,2017,81
KIR,2018,84
KIR,2019,94
KIR,2020,82
KIR,2021,80
KIR,2022,85
KIR,2023,79
KIR,2024,79
KNA,2000,99
KNA,2001,90
KNA,2002,99
KNA,2003,98
KNA,2004,98
KNA,2005,99
KNA,2006,99
KNA,2007,99
KNA,2008,99
KNA,2009,99
KNA,2010,99
KNA,2011,99
KNA,2012,95
KNA,2013,99
KNA,2014,93
KNA,2015,95
KNA,2016,98
KNA,2017,93
KNA,2018,96
KNA,2019,97
KNA,2020,95
KNA,2021,96
KNA,2022,95
KNA,2023,95
KNA,2024,95
KOR,2000,95
KOR,2001,96
KOR,2002,97
KOR,2003,96
KOR,2004,99
KOR,2005,99
KOR,2006,99
KOR,2007,92
KOR,2008,92
KOR,2009,93
KOR,2010,98
KOR,2011,99
KOR,2012,99
KOR,2013,99
KOR,2014,99
KOR,2015,98
KOR,2016,98
KOR,2017,97
KOR,2018,98
KOR,2019,98
KOR,2020,98
KOR,2021,98
KOR,2022,97
KOR,2023,97
KOR,2024,97
KWT,2000,99
KWT,2001,99
KWT,2002,97
KWT,2003,97
KWT,2004,97
KWT,2005,99
KWT,2006,99
KWT,2007,99
KWT,2008,99
KWT,2009,99
KWT,2010,98
KWT,2011,99
KWT,2012,99
KWT,2013,99
KWT,2014,94
KWT,2015,93
KWT,2016,99
KWT,2017,99
KWT,2018,98
KWT,2019,97
KWT,2020,95
KWT,2021,94
KWT,2022,99
KWT,2023,99
KWT,2024,98
LAO,2000,42
LAO,2001,50
LAO,2002,55
LAO,2003,42
LAO,2004,36
LAO,2005,41
LAO,2006,48
LAO,2007,40
LAO,2008,52
LAO,2009,59
LAO,2010,64
LAO,2011,67
LAO,2012,69
LAO,2013,78
LAO,2014,81
LAO,2015,78
LAO,2016,76
LAO,2017,78
LAO,2018,75
LAO,2019,70
LAO,2020,63
LAO,2021,62
LAO,2022,65
LAO,2023,69
LAO,2024,69
LBN,2000,71
LBN,2001,65
LBN,2002,59
LBN,2003,53
LBN,2004,60
LBN,2005,67
LBN,2006,75
LBN,2007,82
LBN,2008,89
LBN,2009,88
LBN,2010,86
LBN,2011,85
LBN,2012,83
LBN,2013,82
LBN,2014,82
LBN,2015,82
LBN,2016,82
LBN,2017,82
LBN,2018,82
LBN,2019,82
LBN,2020,74
LBN,2021,67
LBN,2022,67
LBN,2023,67
LBN,2024,67
LBR,2000,63
LBR,2001,58
LBR,2002,52
LBR,2003,47
LBR,2004,41
LBR,2005,62
LBR,2006,63
LBR,2007,71
LBR,2008,76
LBR,2009,83
LBR,2010,65
LBR,2011,71
LBR,2012,80
LBR,2013,74
LBR,2014,58
LBR,2015,64
LBR,2016,70
LBR,2017,75
LBR,2018,74
LBR,2019,68
LBR,2020,61
LBR,2021,58
LBR,2022,79
LBR,2023,82
LBR,2024,82
LBY,2000,93
LBY,2001,93
LBY,2002,91
LBY,2003,96
LBY,2004,99
LBY,2005,97
LBY,2006,98
LBY,2007,98
LBY,2008,98
LBY,2009,98
LBY,2010,98
LBY,2011,98
LBY,2012,98
LBY,2013,96
LBY,2014,93
LBY,2015,98
LBY,2016,97
LBY,2017,95
LBY,2018,73
LBY,2019,73
LBY,2020,73
LBY,2021,73
LBY,2022,73
LBY,2023,73
LBY,2024,89
LCA,2000,88
LCA,2001,89
LCA,2002,98
LCA,2003,90
LCA,2004,95
LCA,2005,94
LCA,2006,94
LCA,2007,94
LCA,2008,99
LCA,2009,99
LCA,2010,95
LCA,2011,91
LCA,2012,99
LCA,2013,99
LCA,2014,99
LCA,2015,97
LCA,2016,99
LCA,2017,87
LCA,2018,86
LCA,2019,96
LCA,2020,89
LCA,2021,77
LCA,2022,81
LCA,2023,85
LCA,2024,83
LKA,2000,99
LKA,2001,99
LKA,2002,99
LKA,2003,99
LKA,2004,96
LKA,2005,99
LKA,2006,99
LKA,2007,98
LKA,2008,98
LKA,2009,97
LKA,2010,99
LKA,2011,99
LKA,2012,99
LKA,2013,99
LKA,2014,99
LKA,2015,99
LKA,2016,99
LKA,2017,99
LKA,2018,99
LKA,2019,99
LKA,2020,96
LKA,2021,97
LKA,2022,99
LKA,2023,99
LKA,2024,99
LSO,2000,74
LSO,2001,70
LSO,2002,78
LSO,2003,85
LSO,2004,84
LSO,2005,83
LSO,2006,82
LSO,2007,81
LSO,2008,80
LSO,2009,84
LSO,2010,88
LSO,2011,92
LSO,2012,91
LSO,2013,90
LSO,2014,92
LSO,2015,93
LSO,2016,90
LSO,2017,89
LSO,2018,89
LSO,2019,90
LSO,2020,90
LSO,2021,90
LSO,2022,84
LSO,2023,76
LSO,2024,90
LTU,2000,97
LTU,2001,97
LTU,2002,98
LTU,2003,98
LTU,2004,98
LTU,2005,97
LTU,2006,97
LTU,2007,97
LTU,2008,97
LTU,2009,96
LTU,2010,96
LTU,2011,94
LTU,2012,93
LTU,2013,93
LTU,2014,93
LTU,2015,94
LTU,2016,94
LTU,2017,94
LTU,2018,92
LTU,2019,93
LTU,2020,90
LTU,2021,88
LTU,2022,87
LTU,2023,87
LTU,2024,86
LUX,2000,93
LUX,2001,94
LUX,2002,94
LUX,2003,95
LUX,2004,95
LUX,2005,95
LUX,2006,95
LUX,2007,96
LUX,2008,96
LUX,2009,96
LUX,2010,96
LUX,2011,96
LUX,2012,99
LUX,2013,99
LUX,2014,99
LUX,2015,99
LUX,2016,99
LUX,2017,99
LUX,2018,99
LUX,2019,96
LUX,2020,99
LUX,2021,99
LUX,2022,99
LUX,2023,99
LUX,2024,99
LVA,2000,97
LVA,2001,98
LVA,2002,98
LVA,2003,98
LVA,2004,98
LVA,2005,98
LVA,2006,98
LVA,2007,95
LVA,2008,96
LVA,2009,92
LVA,2010,95
LVA,2011,92
LVA,2012,90
LVA,2013,96
LVA,2014,95
LVA,2015,96
LVA,2016,93
LVA,2017,96
LVA,2018,98
LVA,2019,99
LVA,2020,99
LVA,2021,97
LVA,2022,96
LVA,2023,97
LVA,2024,98
MAR,2000,93
MAR,2001,96
MAR,2002,94
MAR,2003,90
MAR,2004,95
MAR,2005,97
MAR,2006,95
MAR,2007,95
MAR,2008,96
MAR,2009,98
MAR,2010,98
MAR,2011,99
MAR,2012,99
MAR,2013,99
MAR,2014,99
MAR,2015,99
MAR,2016,99
MAR,2017,99
MAR,2018,99
MAR,2019,99
MAR,2020,99
MAR,2021,99
MAR,2022,99
MAR,2023,98
MAR,2024,98
MCO,2000,98
MCO,2001,98
MCO,2002,97
MCO,2003,97
MCO,2004,96
MCO,2005,96
MCO,2006,94
MCO,2007,95
MCO,2008,94
MCO,2009,92
MCO,2010,93
MCO,2011,91
MCO,2012,91
MCO,2013,91
MCO,2014,90
MCO,2015,89
MCO,2016,89
MCO,2017,88
MCO,2018,88
MCO,2019,88
MCO,2020,88
MCO,2021,88
MCO,2022,88
MCO,2023,88
MCO,2024,88
MDA,2000,89
MDA,2001,94
MDA,2002,94
MDA,2003,96
MDA,2004,96
MDA,2005,97
MDA,2006,96
MDA,2007,96
MDA,2008,95
MDA,2009,90
MDA,2010,97
MDA,2011,91
MDA,2012,91
MDA,2013,91
MDA,2014,90
MDA,2015,89
MDA,2016,88
MDA,2017,93
MDA,2018,93
MDA,2019,97
MDA,2020,84
MDA,2021,83
MDA,2022,84
MDA,2023,85
MDA,2024,84
MDG,2000,57
MDG,2001,59
MDG,2002,61
MDG,2003,65
MDG,2004,79
MDG,2005,74
MDG,2006,71
MDG,2007,81
MDG,2008,70
MDG,2009,63
MDG,2010,66
MDG,2011,62
MDG,2012,63
MDG,2013,64
MDG,2014,66
MDG,2015,60
MDG,2016,62
MDG,2017,55
MDG,2018,68
MDG,2019,60
MDG,2020,55
MDG,2021,43
MDG,2022,44
MDG,2023,51
MDG,2024,46
MDV,2000,99
MDV,2001,98
MDV,2002,97
MDV,2003,96
MDV,2004,97
MDV,2005,97
MDV,2006,97
MDV,2007,97
MDV,2008,97
MDV,2009,98
MDV,2010,97
MDV,2011,96
MDV,2012,98
MDV,2013,99
MDV,2014,99
MDV,2015,99
MDV,2016,99
MDV,2017,99
MDV,2018,99
MDV,2019,99
MDV,2020,98
MDV,2021,97
MDV,2022,98
MDV,2023,99
MDV,2024,99
MEX,2000,96
MEX,2001,95
MEX,2002,96
MEX,2003,96
MEX,2004,96
MEX,2005,96
MEX,2006,96
MEX,2007,96
MEX,2008,96
MEX,2009,96
MEX,2010,95
MEX,2011,98
MEX,2012,99
MEX,2013,89
MEX,2014,98
MEX,2015,98
MEX,2016,97
MEX,2017,76
MEX,2018,97
MEX,2019,73
MEX,2020,92
MEX,2021,99
MEX,2022,86
MEX,2023,76
MEX,2024,80
MHL,2000,94
MHL,2001,64
MHL,2002,80
MHL,2003,90
MHL,2004,70
MHL,2005,86
MHL,2006,96
MHL,2007,94
MHL,2008,86
MHL,2009,78
MHL,2010,97
MHL,2011,88
MHL,2012,78
MHL,2013,79
MHL,2014,79
MHL,2015,75
MHL,2016,75
MHL,2017,83
MHL,2018,83
MHL,2019,85
MHL,2020,89
MHL,2021,85
MHL,2022,81
MHL,2023,88
MHL,2024,88
MKD,2000,97
MKD,2001,92
MKD,2002,98
MKD,2003,96
MKD,2004,96
MKD,2005,96
MKD,2006,94
MKD,2007,96
MKD,2008,98
MKD,2009,96
MKD,2010,98
MKD,2011,97
MKD,2012,96
MKD,2013,96
MKD,2014,93
MKD,2015,89
MKD,2016,82
MKD,2017,83
MKD,2018,75
MKD,2019,75
MKD,2020,63
MKD,2021,70
MKD,2022,71
MKD,2023,73
MKD,2024,73
MLI,2000,49
MLI,2001,54
MLI,2002,56
MLI,2003,57
MLI,2004,63
MLI,2005,73
MLI,2006,68
MLI,2007,66
MLI,2008,71
MLI,2009,73
MLI,2010,78
MLI,2011,72
MLI,2012,67
MLI,2013,62
MLI,2014,65
MLI,2015,67
MLI,2016,70
MLI,2017,70
MLI,2018,71
MLI,2019,71
MLI,2020,62
MLI,2021,72
MLI,2022,69
MLI,2023,68
MLI,2024,72
MLT,2000,74
MLT,2001,70
MLT,2002,65
MLT,2003,90
MLT,2004,94
MLT,2005,86
MLT,2006,94
MLT,2007,79
MLT,2008,78
MLT,2009,82
MLT,2010,73
MLT,2011,84
MLT,2012,93
MLT,2013,99
MLT,2014,98
MLT,2015,89
MLT,2016,93
MLT,2017,91
MLT,2018,96
MLT,2019,96
MLT,2020,95
MLT,2021,90
MLT,2022,96
MLT,2023,95
MLT,2024,88
MMR,2000,84
MMR,2001,73
MMR,2002,77
MMR,2003,80
MMR,2004,86
MMR,2005,84
MMR,2006,78
MMR,2007,81
MMR,2008,82
MMR,2009,87
MMR,2010,88
MMR,2011,88
MMR,2012,84
MMR,2013,86
MMR,2014,88
MMR,2015,84
MMR,2016,91
MMR,2017,83
MMR,2018,93
MMR,2019,84
MMR,2020,91
MMR,2021,44
MMR,2022,75
MMR,2023,73
MMR,2024,71
MNE,2000,NA
MNE,2001,NA
MNE,2002,NA
MNE,2003,NA
MNE,2004,NA
MNE,2005,NA
MNE,2006,90
MNE,2007,90
MNE,2008,89
MNE,2009,86
MNE,2010,90
MNE,2011,91
MNE,2012,90
MNE,2013,88
MNE,2014,76
MNE,2015,64
MNE,2016,47
MNE,2017,58
MNE,2018,42
MNE,2019,37
MNE,2020,24
MNE,2021,18
MNE,2022,33
MNE,2023,24
MNE,2024,23
MNG,2000,92
MNG,2001,95
MNG,2002,98
MNG,2003,98
MNG,2004,99
MNG,2005,97
MNG,2006,99
MNG,2007,98
MNG,2008,97
MNG,2009,94
MNG,2010,97
MNG,2011,98
MNG,2012,99
MNG,2013,97
MNG,2014,98
MNG,2015,98
MNG,2016,99
MNG,2017,99
MNG,2018,99
MNG,2019,98
MNG,2020,97
MNG,2021,95
MNG,2022,94
MNG,2023,96
MNG,2024,96
MOZ,2000,71
MOZ,2001,74
MOZ,2002,77
MOZ,2003,80
MOZ,2004,79
MOZ,2005,78
MOZ,2006,76
MOZ,2007,75
MOZ,2008,77
MOZ,2009,80
MOZ,2010,82
MOZ,2011,82
MOZ,2012,83
MOZ,2013,83
MOZ,2014,83
MOZ,2015,83
MOZ,2016,83
MOZ,2017,83
MOZ,2018,83
MOZ,2019,83
MOZ,2020,73
MOZ,2021,62
MOZ,2022,63
MOZ,2023,65
MOZ,2024,65
MRT,2000,46
MRT,2001,58
MRT,2002,87
MRT,2003,84
MRT,2004,73
MRT,2005,65
MRT,2006,62
MRT,2007,67
MRT,2008,65
MRT,2009,59
MRT,2010,67
MRT,2011,67
MRT,2012,75
MRT,2013,80
MRT,2014,75
MRT,2015,70
MRT,2016,73
MRT,2017,75
MRT,2018,78
MRT,2019,75
MRT,2020,82
MRT,2021,75
MRT,2022,84
MRT,2023,92
MRT,2024,93
MUS,2000,84
MUS,2001,90
MUS,2002,84
MUS,2003,91
MUS,2004,98
MUS,2005,98
MUS,2006,99
MUS,2007,98
MUS,2008,98
MUS,2009,99
MUS,2010,99
MUS,2011,99
MUS,2012,99
MUS,2013,99
MUS,2014,98
MUS,2015,99
MUS,2016,92
MUS,2017,89
MUS,2018,99
MUS,2019,99
MUS,2020,98
MUS,2021,97
MUS,2022,98
MUS,2023,96
MUS,2024,98
MWI,2000,73
MWI,2001,81
MWI,2002,69
MWI,2003,77
MWI,2004,80
MWI,2005,82
MWI,2006,85
MWI,2007,83
MWI,2008,88
MWI,2009,92
MWI,2010,93
MWI,2011,96
MWI,2012,90
MWI,2013,88
MWI,2014,85
MWI,2015,87
MWI,2016,81
MWI,2017,83
MWI,2018,87
MWI,2019,92
MWI,2020,90
MWI,2021,90
MWI,2022,82
MWI,2023,87
MWI,2024,89
MYS,2000,96
MYS,2001,95
MYS,2002,94
MYS,2003,93
MYS,2004,95
MYS,2005,96
MYS,2006,95
MYS,2007,95
MYS,2008,95
MYS,2009,95
MYS,2010,95
MYS,2011,95
MYS,2012,95
MYS,2013,95
MYS,2014,92
MYS,2015,93
MYS,2016,96
MYS,2017,96
MYS,2018,98
MYS,2019,97
MYS,2020,95
MYS,2021,96
MYS,2022,96
MYS,2023,96
MYS,2024,96
NAM,2000,69
NAM,2001,58
NAM,2002,68
NAM,2003,70
NAM,2004,70
NAM,2005,73
NAM,2006,63
NAM,2007,69
NAM,2008,73
NAM,2009,76
NAM,2010,75
NAM,2011,74
NAM,2012,76
NAM,2013,82
NAM,2014,83
NAM,2015,85
NAM,2016,75
NAM,2017,80
NAM,2018,82
NAM,2019,80
NAM,2020,90
NAM,2021,91
NAM,2022,89
NAM,2023,86
NAM,2024,79
NER,2000,37
NER,2001,39
NER,2002,41
NER,2003,43
NER,2004,45
NER,2005,47
NER,2006,53
NER,2007,60
NER,2008,66
NER,2009,69
NER,2010,67
NER,2011,69
NER,2012,75
NER,2013,80
NER,2014,80
NER,2015,85
NER,2016,76
NER,2017,82
NER,2018,77
NER,2019,79
NER,2020,79
NER,2021,80
NER,2022,65
NER,2023,80
NER,2024,81
NGA,2000,33
NGA,2001,32
NGA,2002,30
NGA,2003,34
NGA,2004,37
NGA,2005,41
NGA,2006,44
NGA,2007,41
NGA,2008,53
NGA,2009,64
NGA,2010,56
NGA,2011,53
NGA,2012,41
NGA,2013,42
NGA,2014,42
NGA,2015,42
NGA,2016,48
NGA,2017,54
NGA,2018,56
NGA,2019,58
NGA,2020,60
NGA,2021,56
NGA,2022,51
NGA,2023,54
NGA,2024,57
NIU,2000,99
NIU,2001,99
NIU,2002,99
NIU,2003,86
NIU,2004,99
NIU,2005,99
NIU,2006,99
NIU,2007,99
NIU,2008,99
NIU,2009,99
NIU,2010,99
NIU,2011,99
NIU,2012,99
NIU,2013,99
NIU,2014,99
NIU,2015,99
NIU,2016,99
NIU,2017,99
NIU,2018,99
NIU,2019,99
NIU,2020,99
NIU,2021,99
NIU,2022,99
NIU,2023,99
NIU,2024,99
NLD,2000,96
NLD,2001,95
NLD,2002,95
NLD,2003,96
NLD,2004,96
NLD,2005,95
NLD,2006,96
NLD,2007,96
NLD,2008,96
NLD,2009,96
NLD,2010,96
NLD,2011,96
NLD,2012,96
NLD,2013,96
NLD,2014,96
NLD,2015,95
NLD,2016,94
NLD,2017,93
NLD,2018,93
NLD,2019,94
NLD,2020,94
NLD,2021,93
NLD,2022,89
NLD,2023,89
NLD,2024,89
NOR,2000,88
NOR,2001,90
NOR,2002,87
NOR,2003,86
NOR,2004,89
NOR,2005,90
NOR,2006,92
NOR,2007,92
NOR,2008,93
NOR,2009,93
NOR,2010,93
NOR,2011,93
NOR,2012,94
NOR,2013,93
NOR,2014,94
NOR,2015,95
NOR,2016,96
NOR,2017,96
NOR,2018,96
NOR,2019,97
NOR,2020,97
NOR,2021,97
NOR,2022,96
NOR,2023,96
NOR,2024,96
NPL,2000,71
NPL,2001,71
NPL,2002,71
NPL,2003,75
NPL,2004,73
NPL,2005,74
NPL,2006,85
NPL,2007,81
NPL,2008,79
NPL,2009,90
NPL,2010,86
NPL,2011,88
NPL,2012,86
NPL,2013,88
NPL,2014,88
NPL,2015,85
NPL,2016,83
NPL,2017,90
NPL,2018,91
NPL,2019,92
NPL,2020,87
NPL,2021,90
NPL,2022,90
NPL,2023,93
NPL,2024,97
NRU,2000,8
NRU,2001,95
NRU,2002,40
NRU,2003,53
NRU,2004,67
NRU,2005,80
NRU,2006,99
NRU,2007,99
NRU,2008,99
NRU,2009,99
NRU,2010,99
NRU,2011,99
NRU,2012,96
NRU,2013,97
NRU,2014,98
NRU,2015,98
NRU,2016,98
NRU,2017,95
NRU,2018,99
NRU,2019,95
NRU,2020,98
NRU,2021,98
NRU,2022,98
NRU,2023,98
NRU,2024,98
NZL,2000,85
NZL,2001,85
NZL,2002,84
NZL,2003,84
NZL,2004,83
NZL,2005,82
NZL,2006,82
NZL,2007,79
NZL,2008,86
NZL,2009,89
NZL,2010,91
NZL,2011,93
NZL,2012,92
NZL,2013,92
NZL,2014,93
NZL,2015,93
NZL,2016,92
NZL,2017,93
NZL,2018,92
NZL,2019,92
NZL,2020,91
NZL,2021,91
NZL,2022,90
NZL,2023,89
NZL,2024,89
OMN,2000,99
OMN,2001,99
OMN,2002,99
OMN,2003,98
OMN,2004,98
OMN,2005,98
OMN,2006,96
OMN,2007,97
OMN,2008,98
OMN,2009,99
OMN,2010,99
OMN,2011,99
OMN,2012,99
OMN,2013,99
OMN,2014,99
OMN,2015,99
OMN,2016,99
OMN,2017,99
OMN,2018,99
OMN,2019,99
OMN,2020,99
OMN,2021,99
OMN,2022,97
OMN,2023,99
OMN,2024,99
PAK,2000,57
PAK,2001,59
PAK,2002,60
PAK,2003,62
PAK,2004,63
PAK,2005,61
PAK,2006,59
PAK,2007,57
PAK,2008,56
PAK,2009,56
PAK,2010,57
PAK,2011,59
PAK,2012,63
PAK,2013,68
PAK,2014,71
PAK,2015,75
PAK,2016,75
PAK,2017,76
PAK,2018,79
PAK,2019,81
PAK,2020,83
PAK,2021,81
PAK,2022,82
PAK,2023,84
PAK,2024,86
PAN,2000,97
PAN,2001,95
PAN,2002,95
PAN,2003,95
PAN,2004,97
PAN,2005,99
PAN,2006,95
PAN,2007,95
PAN,2008,96
PAN,2009,96
PAN,2010,97
PAN,2011,97
PAN,2012,98
PAN,2013,92
PAN,2014,90
PAN,2015,93
PAN,2016,95
PAN,2017,98
PAN,2018,98
PAN,2019,97
PAN,2020,80
PAN,2021,92
PAN,2022,87
PAN,2023,88
PAN,2024,93
PER,2000,97
PER,2001,97
PER,2002,95
PER,2003,95
PER,2004,85
PER,2005,77
PER,2006,93
PER,2007,92
PER,2008,92
PER,2009,91
PER,2010,94
PER,2011,96
PER,2012,94
PER,2013,85
PER,2014,89
PER,2015,92
PER,2016,89
PER,2017,88
PER,2018,86
PER,2019,85
PER,2020,77
PER,2021,78
PER,2022,74
PER,2023,84
PER,2024,89
PHL,2000,78
PHL,2001,81
PHL,2002,82
PHL,2003,87
PHL,2004,92
PHL,2005,92
PHL,2006,92
PHL,2007,92
PHL,2008,90
PHL,2009,89
PHL,2010,87
PHL,2011,86
PHL,2012,84
PHL,2013,83
PHL,2014,81
PHL,2015,80
PHL,2016,80
PHL,2017,81
PHL,2018,82
PHL,2019,83
PHL,2020,79
PHL,2021,64
PHL,2022,76
PHL,2023,81
PHL,2024,80
PLW,2000,83
PLW,2001,91
PLW,2002,99
PLW,2003,99
PLW,2004,99
PLW,2005,98
PLW,2006,98
PLW,2007,91
PLW,2008,97
PLW,2009,75
PLW,2010,39
PLW,2011,85
PLW,2012,91
PLW,2013,99
PLW,2014,83
PLW,2015,95
PLW,2016,96
PLW,2017,93
PLW,2018,90
PLW,2019,97
PLW,2020,93
PLW,2021,93
PLW,2022,96
PLW,2023,96
PLW,2024,96
PNG,2000,69
PNG,2001,65
PNG,2002,73
PNG,2003,77
PNG,2004,77
PNG,2005,82
PNG,2006,82
PNG,2007,72
PNG,2008,66
PNG,2009,65
PNG,2010,63
PNG,2011,66
PNG,2012,71
PNG,2013,72
PNG,2014,65
PNG,2015,57
PNG,2016,46
PNG,2017,41
PNG,2018,37
PNG,2019,37
PNG,2020,44
PNG,2021,35
PNG,2022,41
PNG,2023,52
PNG,2024,44
POL,2000,97
POL,2001,97
POL,2002,98
POL,2003,97
POL,2004,97
POL,2005,98
POL,2006,99
POL,2007,98
POL,2008,98
POL,2009,98
POL,2010,98
POL,2011,98
POL,2012,98
POL,2013,98
POL,2014,97
POL,2015,96
POL,2016,96
POL,2017,94
POL,2018,93
POL,2019,93
POL,2020,92
POL,2021,91
POL,2022,91
POL,2023,92
POL,2024,92
PRK,2000,78
PRK,2001,92
PRK,2002,98
PRK,2003,95
PRK,2004,95
PRK,2005,96
PRK,2006,96
PRK,2007,99
PRK,2008,98
PRK,2009,98
PRK,2010,99
PRK,2011,99
PRK,2012,99
PRK,2013,99
PRK,2014,99
PRK,2015,98
PRK,2016,99
PRK,2017,99
PRK,2018,98
PRK,2019,99
PRK,2020,99
PRK,2021,99
PRK,2022,99
PRK,2023,99
PRK,2024,99
PRT,2000,87
PRT,2001,90
PRT,2002,93
PRT,2003,96
PRT,2004,95
PRT,2005,93
PRT,2006,97
PRT,2007,95
PRT,2008,97
PRT,2009,95
PRT,2010,96
PRT,2011,97
PRT,2012,97
PRT,2013,98
PRT,2014,98
PRT,2015,98
PRT,2016,98
PRT,2017,98
PRT,2018,99
PRT,2019,99
PRT,2020,99
PRT,2021,98
PRT,2022,98
PRT,2023,98
PRT,2024,99
PRY,2000,92
PRY,2001,90
PRY,2002,86
PRY,2003,91
PRY,2004,91
PRY,2005,91
PRY,2006,91
PRY,2007,91
PRY,2008,91
PRY,2009,91
PRY,2010,93
PRY,2011,91
PRY,2012,88
PRY,2013,88
PRY,2014,84
PRY,2015,78
PRY,2016,85
PRY,2017,92
PRY,2018,93
PRY,2019,87
PRY,2020,80
PRY,2021,68
PRY,2022,54
PRY,2023,83
PRY,2024,90
PSE,2000,93
PSE,2001,98
PSE,2002,94
PSE,2003,99
PSE,2004,96
PSE,2005,98
PSE,2006,99
PSE,2007,98
PSE,2008,96
PSE,2009,97
PSE,2010,98
PSE,2011,99
PSE,2012,98
PSE,2013,99
PSE,2014,99
PSE,2015,99
PSE,2016,99
PSE,2017,99
PSE,2018,99
PSE,2019,99
PSE,2020,99
PSE,2021,98
PSE,2022,97
PSE,2023,89
PSE,2024,89
QAT,2000,91
QAT,2001,92
QAT,2002,99
QAT,2003,93
QAT,2004,99
QAT,2005,99
QAT,2006,99
QAT,2007,92
QAT,2008,96
QAT,2009,99
QAT,2010,99
QAT,2011,98
QAT,2012,97
QAT,2013,97
QAT,2014,99
QAT,2015,99
QAT,2016,99
QAT,2017,99
QAT,2018,99
QAT,2019,99
QAT,2020,90
QAT,2021,99
QAT,2022,99
QAT,2023,99
QAT,2024,99
ROU,2000,98
ROU,2001,98
ROU,2002,98
ROU,2003,97
ROU,2004,97
ROU,2005,97
ROU,2006,95
ROU,2007,97
ROU,2008,96
ROU,2009,96
ROU,2010,95
ROU,2011,93
ROU,2012,94
ROU,2013,92
ROU,2014,89
ROU,2015,86
ROU,2016,86
ROU,2017,87
ROU,2018,90
ROU,2019,90
ROU,2020,87
ROU,2021,86
ROU,2022,83
ROU,2023,78
ROU,2024,78
RUS,2000,97
RUS,2001,97
RUS,2002,98
RUS,2003,98
RUS,2004,98
RUS,2005,99
RUS,2006,99
RUS,2007,99
RUS,2008,99
RUS,2009,98
RUS,2010,98
RUS,2011,98
RUS,2012,98
RUS,2013,98
RUS,2014,98
RUS,2015,98
RUS,2016,98
RUS,2017,98
RUS,2018,98
RUS,2019,98
RUS,2020,97
RUS,2021,97
RUS,2022,97
RUS,2023,97
RUS,2024,97
RWA,2000,74
RWA,2001,69
RWA,2002,69
RWA,2003,90
RWA,2004,84
RWA,2005,89
RWA,2006,95
RWA,2007,94
RWA,2008,92
RWA,2009,95
RWA,2010,95
RWA,2011,95
RWA,2012,97
RWA,2013,95
RWA,2014,97
RWA,2015,96
RWA,2016,95
RWA,2017,97
RWA,2018,99
RWA,2019,96
RWA,2020,94
RWA,2021,87
RWA,2022,99
RWA,2023,96
RWA,2024,97
SAU,2000,94
SAU,2001,94
SAU,2002,97
SAU,2003,96
SAU,2004,97
SAU,2005,97
SAU,2006,95
SAU,2007,96
SAU,2008,97
SAU,2009,98
SAU,2010,98
SAU,2011,98
SAU,2012,98
SAU,2013,98
SAU,2014,98
SAU,2015,98
SAU,2016,98
SAU,2017,96
SAU,2018,98
SAU,2019,95
SAU,2020,96
SAU,2021,98
SAU,2022,98
SAU,2023,97
SAU,2024,96
SDN,2000,58
SDN,2001,58
SDN,2002,58
SDN,2003,65
SDN,2004,67
SDN,2005,69
SDN,2006,73
SDN,2007,79
SDN,2008,79
SDN,2009,82
SDN,2010,90
SDN,2011,87
SDN,2012,85
SDN,2013,85
SDN,2014,86
SDN,2015,87
SDN,2016,87
SDN,2017,90
SDN,2018,88
SDN,2019,90
SDN,2020,86
SDN,2021,81
SDN,2022,80
SDN,2023,51
SDN,2024,46
SEN,2000,48
SEN,2001,48
SEN,2002,54
SEN,2003,60
SEN,2004,57
SEN,2005,74
SEN,2006,80
SEN,2007,84
SEN,2008,77
SEN,2009,79
SEN,2010,81
SEN,2011,84
SEN,2012,83
SEN,2013,84
SEN,2014,80
SEN,2015,80
SEN,2016,93
SEN,2017,90
SEN,2018,86
SEN,2019,86
SEN,2020,82
SEN,2021,88
SEN,2022,87
SEN,2023,87
SEN,2024,87
SGP,2000,96
SGP,2001,95
SGP,2002,94
SGP,2003,93
SGP,2004,95
SGP,2005,96
SGP,2006,95
SGP,2007,95
SGP,2008,95
SGP,2009,95
SGP,2010,95
SGP,2011,95
SGP,2012,95
SGP,2013,95
SGP,2014,95
SGP,2015,95
SGP,2016,95
SGP,2017,95
SGP,2018,97
SGP,2019,96
SGP,2020,97
SGP,2021,96
SGP,2022,96
SGP,2023,97
SGP,2024,97
SLB,2000,91
SLB,2001,83
SLB,2002,78
SLB,2003,82
SLB,2004,87
SLB,2005,87
SLB,2006,99
SLB,2007,90
SLB,2008,71
SLB,2009,69
SLB,2010,74
SLB,2011,77
SLB,2012,87
SLB,2013,76
SLB,2014,76
SLB,2015,75
SLB,2016,82
SLB,2017,84
SLB,2018,93
SLB,2019,81
SLB,2020,81
SLB,2021,67
SLB,2022,90
SLB,2023,68
SLB,2024,78
SLE,2000,37
SLE,2001,50
SLE,2002,62
SLE,2003,73
SLE,2004,76
SLE,2005,71
SLE,2006,65
SLE,2007,60
SLE,2008,73
SLE,2009,80
SLE,2010,82
SLE,2011,84
SLE,2012,86
SLE,2013,85
SLE,2014,80
SLE,2015,78
SLE,2016,85
SLE,2017,80
SLE,2018,87
SLE,2019,93
SLE,2020,87
SLE,2021,87
SLE,2022,90
SLE,2023,90
SLE,2024,90
SLV,2000,97
SLV,2001,95
SLV,2002,93
SLV,2003,90
SLV,2004,93
SLV,2005,99
SLV,2006,98
SLV,2007,99
SLV,2008,95
SLV,2009,91
SLV,2010,92
SLV,2011,89
SLV,2012,93
SLV,2013,94
SLV,2014,96
SLV,2015,97
SLV,2016,98
SLV,2017,89
SLV,2018,87
SLV,2019,96
SLV,2020,84
SLV,2021,97
SLV,2022,80
SLV,2023,99
SLV,2024,96
SMR,2000,99
SMR,2001,97
SMR,2002,96
SMR,2003,94
SMR,2004,94
SMR,2005,94
SMR,2006,90
SMR,2007,90
SMR,2008,86
SMR,2009,88
SMR,2010,88
SMR,2011,90
SMR,2012,84
SMR,2013,82
SMR,2014,81
SMR,2015,84
SMR,2016,82
SMR,2017,86
SMR,2018,89
SMR,2019,86
SMR,2020,90
SMR,2021,89
SMR,2022,91
SMR,2023,89
SMR,2024,85
SOM,2000,24
SOM,2001,20
SOM,2002,45
SOM,2003,40
SOM,2004,40
SOM,2005,35
SOM,2006,35
SOM,2007,35
SOM,2008,34
SOM,2009,43
SOM,2010,46
SOM,2011,46
SOM,2012,46
SOM,2013,47
SOM,2014,48
SOM,2015,50
SOM,2016,51
SOM,2017,52
SOM,2018,53
SOM,2019,52
SOM,2020,52
SOM,2021,58
SOM,2022,69
SOM,2023,63
SOM,2024,64
SRB,2000,89
SRB,2001,90
SRB,2002,92
SRB,2003,87
SRB,2004,89
SRB,2005,96
SRB,2006,88
SRB,2007,95
SRB,2008,92
SRB,2009,95
SRB,2010,95
SRB,2011,93
SRB,2012,87
SRB,2013,92
SRB,2014,86
SRB,2015,87
SRB,2016,82
SRB,2017,86
SRB,2018,93
SRB,2019,87
SRB,2020,78
SRB,2021,75
SRB,2022,81
SRB,2023,84
SRB,2024,84
SSD,2000,NA
SSD,2001,NA
SSD,2002,NA
SSD,2003,NA
SSD,2004,NA
SSD,2005,NA
SSD,2006,NA
SSD,2007,NA
SSD,2008,NA
SSD,2009,NA
SSD,2010,NA
SSD,2011,62
SSD,2012,59
SSD,2013,57
SSD,2014,54
SSD,2015,52
SSD,2016,51
SSD,2017,56
SSD,2018,61
SSD,2019,65
SSD,2020,69
SSD,2021,74
SSD,2022,72
SSD,2023,72
SSD,2024,72
STP,2000,69
STP,2001,75
STP,2002,85
STP,2003,87
STP,2004,91
STP,2005,88
STP,2006,85
STP,2007,86
STP,2008,93
STP,2009,90
STP,2010,92
STP,2011,91
STP,2012,92
STP,2013,91
STP,2014,92
STP,2015,93
STP,2016,93
STP,2017,90
STP,2018,95
STP,2019,95
STP,2020,86
STP,2021,77
STP,2022,82
STP,2023,87
STP,2024,87
SUR,2000,84
SUR,2001,82
SUR,2002,73
SUR,2003,69
SUR,2004,86
SUR,2005,91
SUR,2006,83
SUR,2007,85
SUR,2008,86
SUR,2009,88
SUR,2010,87
SUR,2011,79
SUR,2012,64
SUR,2013,81
SUR,2014,70
SUR,2015,76
SUR,2016,76
SUR,2017,76
SUR,2018,77
SUR,2019,64
SUR,2020,45
SUR,2021,58
SUR,2022,74
SUR,2023,71
SUR,2024,73
SVK,2000,98
SVK,2001,99
SVK,2002,99
SVK,2003,99
SVK,2004,99
SVK,2005,98
SVK,2006,98
SVK,2007,99
SVK,2008,99
SVK,2009,99
SVK,2010,98
SVK,2011,98
SVK,2012,99
SVK,2013,98
SVK,2014,97
SVK,2015,95
SVK,2016,95
SVK,2017,96
SVK,2018,96
SVK,2019,96
SVK,2020,96
SVK,2021,95
SVK,2022,95
SVK,2023,94
SVK,2024,94
SVN,2000,95
SVN,2001,94
SVN,2002,93
SVN,2003,94
SVN,2004,94
SVN,2005,94
SVN,2006,96
SVN,2007,96
SVN,2008,96
SVN,2009,95
SVN,2010,95
SVN,2011,96
SVN,2012,95
SVN,2013,94
SVN,2014,94
SVN,2015,94
SVN,2016,92
SVN,2017,93
SVN,2018,93
SVN,2019,94
SVN,2020,94
SVN,2021,95
SVN,2022,96
SVN,2023,95
SVN,2024,95
SWE,2000,91
SWE,2001,94
SWE,2002,95
SWE,2003,95
SWE,2004,96
SWE,2005,96
SWE,2006,97
SWE,2007,96
SWE,2008,96
SWE,2009,97
SWE,2010,97
SWE,2011,97
SWE,2012,97
SWE,2013,97
SWE,2014,97
SWE,2015,98
SWE,2016,97
SWE,2017,97
SWE,2018,97
SWE,2019,97
SWE,2020,97
SWE,2021,97
SWE,2022,93
SWE,2023,93
SWE,2024,93
SWZ,2000,92
SWZ,2001,93
SWZ,2002,93
SWZ,2003,93
SWZ,2004,93
SWZ,2005,93
SWZ,2006,93
SWZ,2007,94
SWZ,2008,94
SWZ,2009,94
SWZ,2010,94
SWZ,2011,87
SWZ,2012,88
SWZ,2013,97
SWZ,2014,97
SWZ,2015,89
SWZ,2016,89
SWZ,2017,89
SWZ,2018,85
SWZ,2019,81
SWZ,2020,76
SWZ,2021,80
SWZ,2022,83
SWZ,2023,85
SWZ,2024,85
SYC,2000,97
SYC,2001,95
SYC,2002,98
SYC,2003,99
SYC,2004,99
SYC,2005,99
SYC,2006,99
SYC,2007,99
SYC,2008,99
SYC,2009,97
SYC,2010,99
SYC,2011,99
SYC,2012,98
SYC,2013,97
SYC,2014,99
SYC,2015,98
SYC,2016,97
SYC,2017,99
SYC,2018,96
SYC,2019,99
SYC,2020,97
SYC,2021,94
SYC,2022,98
SYC,2023,93
SYC,2024,97
SYR,2000,84
SYR,2001,80
SYR,2002,84
SYR,2003,83
SYR,2004,82
SYR,2005,81
SYR,2006,81
SYR,2007,81
SYR,2008,81
SYR,2009,82
SYR,2010,82
SYR,2011,80
SYR,2012,72
SYR,2013,69
SYR,2014,65
SYR,2015,64
SYR,2016,73
SYR,2017,78
SYR,2018,74
SYR,2019,76
SYR,2020,70
SYR,2021,70
SYR,2022,52
SYR,2023,74
SYR,2024,81
TCD,2000,28
TCD,2001,26
TCD,2002,25
TCD,2003,23
TCD,2004,16
TCD,2005,27
TCD,2006,39
TCD,2007,31
TCD,2008,27
TCD,2009,36
TCD,2010,46
TCD,2011,54
TCD,2012,63
TCD,2013,57
TCD,2014,45
TCD,2015,46
TCD,2016,37
TCD,2017,37
TCD,2018,41
TCD,2019,40
TCD,2020,45
TCD,2021,53
TCD,2022,54
TCD,2023,63
TCD,2024,66
TGO,2000,58
TGO,2001,40
TGO,2002,48
TGO,2003,68
TGO,2004,70
TGO,2005,70
TGO,2006,78
TGO,2007,71
TGO,2008,63
TGO,2009,66
TGO,2010,68
TGO,2011,72
TGO,2012,72
TGO,2013,72
TGO,2014,77
TGO,2015,75
TGO,2016,73
TGO,2017,78
TGO,2018,73
TGO,2019,78
TGO,2020,75
TGO,2021,77
TGO,2022,79
TGO,2023,81
TGO,2024,81
THA,2000,94
THA,2001,94
THA,2002,94
THA,2003,96
THA,2004,96
THA,2005,96
THA,2006,96
THA,2007,96
THA,2008,98
THA,2009,98
THA,2010,98
THA,2011,98
THA,2012,98
THA,2013,99
THA,2014,99
THA,2015,99
THA,2016,99
THA,2017,99
THA,2018,96
THA,2019,96
THA,2020,96
THA,2021,93
THA,2022,93
THA,2023,93
THA,2024,93
TJK,2000,88
TJK,2001,88
TJK,2002,89
TJK,2003,91
TJK,2004,92
TJK,2005,85
TJK,2006,82
TJK,2007,85
TJK,2008,86
TJK,2009,89
TJK,2010,94
TJK,2011,98
TJK,2012,97
TJK,2013,97
TJK,2014,98
TJK,2015,97
TJK,2016,97
TJK,2017,98
TJK,2018,98
TJK,2019,98
TJK,2020,98
TJK,2021,97
TJK,2022,98
TJK,2023,98
TJK,2024,98
TKM,2000,96
TKM,2001,98
TKM,2002,88
TKM,2003,97
TKM,2004,97
TKM,2005,99
TKM,2006,99
TKM,2007,99
TKM,2008,99
TKM,2009,99
TKM,2010,99
TKM,2011,99
TKM,2012,99
TKM,2013,99
TKM,2014,99
TKM,2015,99
TKM,2016,99
TKM,2017,99
TKM,2018,99
TKM,2019,99
TKM,2020,98
TKM,2021,97
TKM,2022,98
TKM,2023,99
TKM,2024,99
TLS,2000,NA
TLS,2001,NA
TLS,2002,56
TLS,2003,55
TLS,2004,55
TLS,2005,48
TLS,2006,61
TLS,2007,63
TLS,2008,73
TLS,2009,70
TLS,2010,66
TLS,2011,62
TLS,2012,73
TLS,2013,70
TLS,2014,74
TLS,2015,70
TLS,2016,73
TLS,2017,77
TLS,2018,77
TLS,2019,75
TLS,2020,74
TLS,2021,72
TLS,2022,72
TLS,2023,72
TLS,2024,72
TON,2000,95
TON,2001,93
TON,2002,90
TON,2003,99
TON,2004,99
TON,2005,99
TON,2006,99
TON,2007,99
TON,2008,99
TON,2009,99
TON,2010,99
TON,2011,99
TON,2012,95
TON,2013,99
TON,2014,99
TON,2015,99
TON,2016,98
TON,2017,99
TON,2018,99
TON,2019,99
TON,2020,99
TON,2021,99
TON,2022,99
TON,2023,99
TON,2024,99
TTO,2000,90
TTO,2001,91
TTO,2002,87
TTO,2003,88
TTO,2004,95
TTO,2005,93
TTO,2006,89
TTO,2007,91
TTO,2008,91
TTO,2009,94
TTO,2010,92
TTO,2011,92
TTO,2012,85
TTO,2013,91
TTO,2014,96
TTO,2015,89
TTO,2016,86
TTO,2017,93
TTO,2018,90
TTO,2019,99
TTO,2020,91
TTO,2021,93
TTO,2022,92
TTO,2023,90
TTO,2024,96
TUN,2000,95
TUN,2001,92
TUN,2002,94
TUN,2003,90
TUN,2004,95
TUN,2005,96
TUN,2006,98
TUN,2007,98
TUN,2008,98
TUN,2009,98
TUN,2010,97
TUN,2011,96
TUN,2012,96
TUN,2013,94
TUN,2014,98
TUN,2015,98
TUN,2016,96
TUN,2017,98
TUN,2018,96
TUN,2019,98
TUN,2020,98
TUN,2021,95
TUN,2022,95
TUN,2023,96
TUN,2024,96
TUR,2000,87
TUR,2001,91
TUR,2002,83
TUR,2003,75
TUR,2004,81
TUR,2005,91
TUR,2006,98
TUR,2007,96
TUR,2008,97
TUR,2009,97
TUR,2010,97
TUR,2011,98
TUR,2012,96
TUR,2013,98
TUR,2014,94
TUR,2015,97
TUR,2016,98
TUR,2017,96
TUR,2018,96
TUR,2019,97
TUR,2020,95
TUR,2021,96
TUR,2022,95
TUR,2023,95
TUR,2024,95
TUV,2000,81
TUV,2001,99
TUV,2002,99
TUV,2003,95
TUV,2004,97
TUV,2005,62
TUV,2006,84
TUV,2007,95
TUV,2008,93
TUV,2009,90
TUV,2010,85
TUV,2011,98
TUV,2012,98
TUV,2013,96
TUV,2014,94
TUV,2015,94
TUV,2016,96
TUV,2017,95
TUV,2018,88
TUV,2019,96
TUV,2020,93
TUV,2021,93
TUV,2022,90
TUV,2023,98
TUV,2024,97
TZA,2000,78
TZA,2001,86
TZA,2002,89
TZA,2003,97
TZA,2004,94
TZA,2005,91
TZA,2006,93
TZA,2007,90
TZA,2008,88
TZA,2009,91
TZA,2010,92
TZA,2011,93
TZA,2012,97
TZA,2013,99
TZA,2014,97
TZA,2015,95
TZA,2016,83
TZA,2017,90
TZA,2018,88
TZA,2019,89
TZA,2020,87
TZA,2021,80
TZA,2022,84
TZA,2023,84
TZA,2024,84
UGA,2000,57
UGA,2001,59
UGA,2002,62
UGA,2003,64
UGA,2004,66
UGA,2005,68
UGA,2006,75
UGA,2007,75
UGA,2008,70
UGA,2009,77
UGA,2010,73
UGA,2011,75
UGA,2012,80
UGA,2013,83
UGA,2014,85
UGA,2015,79
UGA,2016,79
UGA,2017,83
UGA,2018,86
UGA,2019,87
UGA,2020,89
UGA,2021,90
UGA,2022,90
UGA,2023,90
UGA,2024,90
UKR,2000,99
UKR,2001,99
UKR,2002,99
UKR,2003,99
UKR,2004,99
UKR,2005,96
UKR,2006,98
UKR,2007,97
UKR,2008,94
UKR,2009,75
UKR,2010,56
UKR,2011,67
UKR,2012,79
UKR,2013,79
UKR,2014,56
UKR,2015,56
UKR,2016,42
UKR,2017,86
UKR,2018,91
UKR,2019,93
UKR,2020,85
UKR,2021,89
UKR,2022,74
UKR,2023,92
UKR,2024,91
URY,2000,89
URY,2001,94
URY,2002,95
URY,2003,95
URY,2004,95
URY,2005,95
URY,2006,94
URY,2007,96
URY,2008,95
URY,2009,94
URY,2010,95
URY,2011,95
URY,2012,96
URY,2013,96
URY,2014,96
URY,2015,96
URY,2016,95
URY,2017,96
URY,2018,97
URY,2019,96
URY,2020,95
URY,2021,93
URY,2022,96
URY,2023,96
URY,2024,97
USA,2000,91
USA,2001,91
USA,2002,91
USA,2003,93
USA,2004,93
USA,2005,92
USA,2006,92
USA,2007,92
USA,2008,92
USA,2009,90
USA,2010,92
USA,2011,92
USA,2012,91
USA,2013,92
USA,2014,92
USA,2015,92
USA,2016,92
USA,2017,91
USA,2018,92
USA,2019,90
USA,2020,91
USA,2021,92
USA,2022,92
USA,2023,92
USA,2024,92
UZB,2000,99
UZB,2001,99
UZB,2002,97
UZB,2003,99
UZB,2004,98
UZB,2005,99
UZB,2006,98
UZB,2007,98
UZB,2008,98
UZB,2009,95
UZB,2010,98
UZB,2011,99
UZB,2012,99
UZB,2013,97
UZB,2014,99
UZB,2015,99
UZB,2016,99
UZB,2017,99
UZB,2018,96
UZB,2019,98
UZB,2020,99
UZB,2021,99
UZB,2022,99
UZB,2023,99
UZB,2024,99
VCT,2000,96
VCT,2001,98
VCT,2002,99
VCT,2003,94
VCT,2004,99
VCT,2005,97
VCT,2006,99
VCT,2007,99
VCT,2008,99
VCT,2009,99
VCT,2010,99
VCT,2011,97
VCT,2012,94
VCT,2013,99
VCT,2014,99
VCT,2015,99
VCT,2016,99
VCT,2017,99
VCT,2018,99
VCT,2019,99
VCT,2020,99
VCT,2021,96
VCT,2022,99
VCT,2023,90
VCT,2024,99
VEN,2000,84
VEN,2001,98
VEN,2002,83
VEN,2003,83
VEN,2004,80
VEN,2005,76
VEN,2006,82
VEN,2007,87
VEN,2008,93
VEN,2009,87
VEN,2010,79
VEN,2011,86
VEN,2012,87
VEN,2013,85
VEN,2014,89
VEN,2015,92
VEN,2016,88
VEN,2017,96
VEN,2018,74
VEN,2019,93
VEN,2020,76
VEN,2021,68
VEN,2022,52
VEN,2023,68
VEN,2024,71
VNM,2000,97
VNM,2001,98
VNM,2002,96
VNM,2003,93
VNM,2004,97
VNM,2005,95
VNM,2006,93
VNM,2007,83
VNM,2008,92
VNM,2009,97
VNM,2010,98
VNM,2011,96
VNM,2012,96
VNM,2013,98
VNM,2014,97
VNM,2015,97
VNM,2016,99
VNM,2017,97
VNM,2018,97
VNM,2019,95
VNM,2020,97
VNM,2021,89
VNM,2022,88
VNM,2023,82
VNM,2024,98
VUT,2000,61
VUT,2001,60
VUT,2002,58
VUT,2003,57
VUT,2004,56
VUT,2005,54
VUT,2006,53
VUT,2007,56
VUT,2008,62
VUT,2009,65
VUT,2010,71
VUT,2011,75
VUT,2012,80
VUT,2013,84
VUT,2014,90
VUT,2015,76
VUT,2016,84
VUT,2017,80
VUT,2018,75
VUT,2019,80
VUT,2020,78
VUT,2021,50
VUT,2022,70
VUT,2023,70
VUT,2024,61
WSM,2000,93
WSM,2001,92
WSM,2002,99
WSM,2003,62
WSM,2004,25
WSM,2005,57
WSM,2006,54
WSM,2007,63
WSM,2008,44
WSM,2009,45
WSM,2010,56
WSM,2011,59
WSM,2012,76
WSM,2013,92
WSM,2014,85
WSM,2015,75
WSM,2016,75
WSM,2017,67
WSM,2018,40
WSM,2019,96
WSM,2020,66
WSM,2021,62
WSM,2022,82
WSM,2023,87
WSM,2024,85
YEM,2000,70
YEM,2001,72
YEM,2002,62
YEM,2003,64
YEM,2004,74
YEM,2005,73
YEM,2006,65
YEM,2007,71
YEM,2008,69
YEM,2009,65
YEM,2010,68
YEM,2011,66
YEM,2012,63
YEM,2013,68
YEM,2014,64
YEM,2015,61
YEM,2016,62
YEM,2017,56
YEM,2018,53
YEM,2019,54
YEM,2020,53
YEM,2021,51
YEM,2022,53
YEM,2023,45
YEM,2024,41
ZAF,2000,72
ZAF,2001,69
ZAF,2002,65
ZAF,2003,62
ZAF,2004,63
ZAF,2005,64
ZAF,2006,69
ZAF,2007,68
ZAF,2008,73
ZAF,2009,77
ZAF,2010,72
ZAF,2011,77
ZAF,2012,79
ZAF,2013,78
ZAF,2014,84
ZAF,2015,86
ZAF,2016,84
ZAF,2017,81
ZAF,2018,81
ZAF,2019,83
ZAF,2020,84
ZAF,2021,87
ZAF,2022,86
ZAF,2023,80
ZAF,2024,76
ZMB,2000,85
ZMB,2001,84
ZMB,2002,84
ZMB,2003,84
ZMB,2004,85
ZMB,2005,85
ZMB,2006,85
ZMB,2007,93
ZMB,2008,87
ZMB,2009,90
ZMB,2010,96
ZMB,2011,83
ZMB,2012,82
ZMB,2013,80
ZMB,2014,85
ZMB,2015,90
ZMB,2016,97
ZMB,2017,96
ZMB,2018,94
ZMB,2019,93
ZMB,2020,96
ZMB,2021,90
ZMB,2022,88
ZMB,2023,83
ZMB,2024,88
ZWE,2000,75
ZWE,2001,73
ZWE,2002,70
ZWE,2003,68
ZWE,2004,66
ZWE,2005,67
ZWE,2006,68
ZWE,2007,69
ZWE,2008,70
ZWE,2009,76
ZWE,2010,90
ZWE,2011,92
ZWE,2012,97
ZWE,2013,93
ZWE,2014,92
ZWE,2015,86
ZWE,2016,95
ZWE,2017,90
ZWE,2018,88
ZWE,2019,85
ZWE,2020,85
ZWE,2021,88
ZWE,2022,90
ZWE,2023,90
ZWE,2024,90
