iso3,year,physicians_per_1000
ABW,2000,NA
ABW,2001,NA
ABW,2002,NA
ABW,2003,NA
ABW,2004,NA
ABW,2005,NA
ABW,2006,NA
ABW,2007,NA
ABW,2008,NA
ABW,2009,NA
ABW,2010,NA
ABW,2011,NA
ABW,2012,NA
ABW,2013,NA
ABW,2014,NA
ABW,2015,NA
ABW,2016,NA
ABW,2017,NA
ABW,2018,NA
ABW,2019,NA
ABW,2020,NA
ABW,2021,NA
ABW,2022,NA
ABW,2023,NA
ABW,2024,NA
AFE,2000,NA
AFE,2001,NA
AFE,2002,NA
AFE,2003,NA
AFE,2004,NA
AFE,2005,NA
AFE,2006,NA
AFE,2007,NA
AFE,2008,NA
AFE,2009,NA
AFE,2010,0.16446678002695464
AFE,2011,NA
AFE,2012,NA
AFE,2013,NA
AFE,2014,NA
AFE,2015,NA
AFE,2016,NA
AFE,2017,NA
AFE,2018,NA
AFE,2019,NA
AFE,2020,NA
AFE,2021,NA
AFE,2022,0.24338494643989386
AFE,2023,NA
AFE,2024,NA
AFG,2000,NA
AFG,2001,0.202
AFG,2002,NA
AFG,2003,NA
AFG,2004,NA
AFG,2005,NA
AFG,2006,0.166
AFG,2007,0.182
AFG,2008,0.183
AFG,2009,0.22
AFG,2010,0.244
AFG,2011,0.258
AFG,2012,0.246
AFG,2013,0.29
AFG,2014,0.304
AFG,2015,0.29
AFG,2016,0.284
AFG,2017,0.245
AFG,2018,0.303
AFG,2019,0.214
AFG,2020,0.253
AFG,2021,NA
AFG,2022,NA
AFG,2023,0.317
AFG,2024,NA
AFW,2000,0.1927505607044675
AFW,2001,NA
AFW,2002,NA
AFW,2003,NA
AFW,2004,NA
AFW,2005,NA
AFW,2006,NA
AFW,2007,NA
AFW,2008,NA
AFW,2009,NA
AFW,2010,0.2103655970836937
AFW,2011,NA
AFW,2012,NA
AFW,2013,NA
AFW,2014,NA
AFW,2015,NA
AFW,2016,NA
AFW,2017,NA
AFW,2018,NA
AFW,2019,NA
AFW,2020,NA
AFW,2021,NA
AFW,2022,0.2586355941984673
AFW,2023,NA
AFW,2024,NA
AGO,2000,NA
AGO,2001,NA
AGO,2002,NA
AGO,2003,NA
AGO,2004,0.063
AGO,2005,NA
AGO,2006,NA
AGO,2007,NA
AGO,2008,NA
AGO,2009,0.132
AGO,2010,NA
AGO,2011,NA
AGO,2012,NA
AGO,2013,NA
AGO,2014,NA
AGO,2015,NA
AGO,2016,NA
AGO,2017,0.212
AGO,2018,0.211
AGO,2019,NA
AGO,2020,NA
AGO,2021,NA
AGO,2022,0.244
AGO,2023,NA
AGO,2024,NA
ALB,2000,1.366
ALB,2001,1.303
ALB,2002,1.167
ALB,2003,1.186
ALB,2004,1.194
ALB,2005,NA
ALB,2006,1.189
ALB,2007,1.2
ALB,2008,NA
ALB,2009,1.235
ALB,2010,1.243
ALB,2011,1.229
ALB,2012,1.27
ALB,2013,1.276
ALB,2014,NA
ALB,2015,NA
ALB,2016,1.212
ALB,2017,NA
ALB,2018,NA
ALB,2019,1.645
ALB,2020,1.879
ALB,2021,NA
ALB,2022,NA
ALB,2023,NA
ALB,2024,NA
AND,2000,2.557
AND,2001,2.656
AND,2002,3.053
AND,2003,3.511
AND,2004,3.217
AND,2005,3.295
AND,2006,3.065
AND,2007,3.04
AND,2008,NA
AND,2009,3.17
AND,2010,2.949
AND,2011,3.136
AND,2012,3.112
AND,2013,3.165
AND,2014,3.297
AND,2015,3.754
AND,2016,4.058
AND,2017,4.119
AND,2018,4.535
AND,2019,4.392
AND,2020,4.587
AND,2021,4.758
AND,2022,5.157
AND,2023,5.068
AND,2024,NA
ARB,2000,NA
ARB,2001,NA
ARB,2002,NA
ARB,2003,NA
ARB,2004,NA
ARB,2005,NA
ARB,2006,NA
ARB,2007,NA
ARB,2008,NA
ARB,2009,NA
ARB,2010,NA
ARB,2011,NA
ARB,2012,NA
ARB,2013,NA
ARB,2014,NA
ARB,2015,NA
ARB,2016,NA
ARB,2017,NA
ARB,2018,NA
ARB,2019,NA
ARB,2020,NA
ARB,2021,NA
ARB,2022,1.1767238952235954
ARB,2023,NA
ARB,2024,NA
ARE,2000,1.616
ARE,2001,1.759
ARE,2002,1.761
ARE,2003,1.838
ARE,2004,1.762
ARE,2005,1.494
ARE,2006,1.407
ARE,2007,1.541
ARE,2008,1.845
ARE,2009,1.792
ARE,2010,1.749
ARE,2011,1.786
ARE,2012,1.801
ARE,2013,2.045
ARE,2014,2.232
ARE,2015,2.361
ARE,2016,2.458
ARE,2017,2.502
ARE,2018,2.605
ARE,2019,2.71
ARE,2020,2.83
ARE,2021,2.786
ARE,2022,2.915
ARE,2023,2.992
ARE,2024,NA
ARG,2000,NA
ARG,2001,3.2481
ARG,2002,NA
ARG,2003,NA
ARG,2004,3.1857
ARG,2005,NA
ARG,2006,NA
ARG,2007,NA
ARG,2008,NA
ARG,2009,NA
ARG,2010,NA
ARG,2011,NA
ARG,2012,4.823
ARG,2013,4.884
ARG,2014,4.925
ARG,2015,4.98
ARG,2016,5.024
ARG,2017,5.094
ARG,2018,5.167
ARG,2019,5.25
ARG,2020,5.304
ARG,2021,5.384
ARG,2022,5.437
ARG,2023,5.106
ARG,2024,NA
ARM,2000,2.652
ARM,2001,2.59
ARM,2002,2.545
ARM,2003,2.439
ARM,2004,2.443
ARM,2005,2.543
ARM,2006,2.562
ARM,2007,2.635
ARM,2008,2.695
ARM,2009,2.714
ARM,2010,2.79
ARM,2011,2.822
ARM,2012,2.859
ARM,2013,2.878
ARM,2014,2.883
ARM,2015,2.919
ARM,2016,2.887
ARM,2017,2.903
ARM,2018,2.893
ARM,2019,3.026
ARM,2020,3.163
ARM,2021,3.255
ARM,2022,3.36
ARM,2023,NA
ARM,2024,NA
ASM,2000,NA
ASM,2001,NA
ASM,2002,NA
ASM,2003,NA
ASM,2004,NA
ASM,2005,NA
ASM,2006,NA
ASM,2007,NA
ASM,2008,NA
ASM,2009,NA
ASM,2010,NA
ASM,2011,NA
ASM,2012,NA
ASM,2013,NA
ASM,2014,NA
ASM,2015,NA
ASM,2016,NA
ASM,2017,NA
ASM,2018,NA
ASM,2019,NA
ASM,2020,NA
ASM,2021,NA
ASM,2022,NA
ASM,2023,NA
ASM,2024,NA
ATG,2000,NA
ATG,2001,NA
ATG,2002,NA
ATG,2003,NA
ATG,2004,NA
ATG,2005,NA
ATG,2006,NA
ATG,2007,1.763
ATG,2008,0.543
ATG,2009,NA
ATG,2010,NA
ATG,2011,NA
ATG,2012,NA
ATG,2013,NA
ATG,2014,NA
ATG,2015,NA
ATG,2016,NA
ATG,2017,2.917
ATG,2018,NA
ATG,2019,NA
ATG,2020,NA
ATG,2021,NA
ATG,2022,NA
ATG,2023,NA
ATG,2024,NA
AUS,2000,2.476
AUS,2001,2.551
AUS,2002,2.546
AUS,2003,2.615
AUS,2004,2.692
AUS,2005,2.764
AUS,2006,2.825
AUS,2007,2.99
AUS,2008,3
AUS,2009,3.104
AUS,2010,3.345
AUS,2011,3.296
AUS,2012,3.293
AUS,2013,3.356
AUS,2014,3.432
AUS,2015,3.486
AUS,2016,3.557
AUS,2017,3.656
AUS,2018,3.726
AUS,2019,3.808
AUS,2020,3.895
AUS,2021,3.976
AUS,2022,4.086
AUS,2023,NA
AUS,2024,NA
AUT,2000,3.876
AUT,2001,3.989
AUT,2002,4.06
AUT,2003,4.144
AUT,2004,4.232
AUT,2005,4.348
AUT,2006,4.477
AUT,2007,4.562
AUT,2008,4.627
AUT,2009,4.722
AUT,2010,4.827
AUT,2011,4.875
AUT,2012,4.927
AUT,2013,5.018
AUT,2014,5.076
AUT,2015,5.124
AUT,2016,5.129
AUT,2017,5.182
AUT,2018,5.241
AUT,2019,5.318
AUT,2020,5.344
AUT,2021,5.432
AUT,2022,5.432
AUT,2023,5.515
AUT,2024,NA
AZE,2000,3.552
AZE,2001,3.525
AZE,2002,3.541
AZE,2003,3.534
AZE,2004,3.54
AZE,2005,3.557
AZE,2006,3.532
AZE,2007,3.669
AZE,2008,3.635
AZE,2009,3.626
AZE,2010,3.617
AZE,2011,3.397
AZE,2012,3.449
AZE,2013,3.413
AZE,2014,3.401
AZE,2015,3.328
AZE,2016,3.262
AZE,2017,3.197
AZE,2018,3.236
AZE,2019,3.148
AZE,2020,3.125
AZE,2021,3.123
AZE,2022,3.185
AZE,2023,NA
AZE,2024,NA
BDI,2000,0.052
BDI,2001,NA
BDI,2002,NA
BDI,2003,NA
BDI,2004,0.027
BDI,2005,NA
BDI,2006,NA
BDI,2007,NA
BDI,2008,NA
BDI,2009,NA
BDI,2010,0.045
BDI,2011,0.037
BDI,2012,0.049
BDI,2013,0.053
BDI,2014,0.056
BDI,2015,0.046
BDI,2016,NA
BDI,2017,0.094
BDI,2018,0.094
BDI,2019,NA
BDI,2020,0.069
BDI,2021,0.076
BDI,2022,0.078
BDI,2023,NA
BDI,2024,NA
BEL,2000,2.829
BEL,2001,2.849
BEL,2002,2.859
BEL,2003,2.857
BEL,2004,2.868
BEL,2005,2.871
BEL,2006,2.886
BEL,2007,2.905
BEL,2008,2.921
BEL,2009,2.92
BEL,2010,2.909
BEL,2011,2.915
BEL,2012,2.933
BEL,2013,3.131
BEL,2014,3.16
BEL,2015,3.221
BEL,2016,3.28
BEL,2017,3.292
BEL,2018,3.355
BEL,2019,3.424
BEL,2020,3.506
BEL,2021,3.537
BEL,2022,3.574
BEL,2023,NA
BEL,2024,NA
BEN,2000,NA
BEN,2001,NA
BEN,2002,NA
BEN,2003,NA
BEN,2004,0.038
BEN,2005,NA
BEN,2006,NA
BEN,2007,NA
BEN,2008,0.059
BEN,2009,NA
BEN,2010,0.052
BEN,2011,0.054
BEN,2012,NA
BEN,2013,NA
BEN,2014,NA
BEN,2015,NA
BEN,2016,0.045
BEN,2017,NA
BEN,2018,0.073
BEN,2019,0.06
BEN,2020,NA
BEN,2021,0.205
BEN,2022,0.19
BEN,2023,0.216
BEN,2024,NA
BFA,2000,NA
BFA,2001,0.04
BFA,2002,NA
BFA,2003,NA
BFA,2004,0.052
BFA,2005,NA
BFA,2006,NA
BFA,2007,NA
BFA,2008,0.031
BFA,2009,0.043
BFA,2010,0.044
BFA,2011,0.037
BFA,2012,0.046
BFA,2013,0.045
BFA,2014,0.047
BFA,2015,0.063
BFA,2016,0.062
BFA,2017,0.082
BFA,2018,0.082
BFA,2019,0.091
BFA,2020,0.096
BFA,2021,0.101
BFA,2022,0.148
BFA,2023,NA
BFA,2024,NA
BGD,2000,NA
BGD,2001,0.238
BGD,2002,NA
BGD,2003,0.26
BGD,2004,0.269
BGD,2005,0.296
BGD,2006,0.305
BGD,2007,0.317
BGD,2008,0.33
BGD,2009,0.343
BGD,2010,0.352
BGD,2011,0.373
BGD,2012,0.39
BGD,2013,0.412
BGD,2014,0.478
BGD,2015,0.476
BGD,2016,0.489
BGD,2017,0.535
BGD,2018,0.573
BGD,2019,0.63
BGD,2020,0.661
BGD,2021,0.677
BGD,2022,0.717
BGD,2023,0.722
BGD,2024,NA
BGR,2000,3.441
BGR,2001,3.429
BGR,2002,3.522
BGR,2003,3.604
BGR,2004,3.537
BGR,2005,3.661
BGR,2006,3.676
BGR,2007,3.675
BGR,2008,3.643
BGR,2009,3.733
BGR,2010,3.747
BGR,2011,3.838
BGR,2012,3.868
BGR,2013,3.953
BGR,2014,3.978
BGR,2015,4.041
BGR,2016,4.107
BGR,2017,4.184
BGR,2018,4.217
BGR,2019,4.236
BGR,2020,4.277
BGR,2021,4.296
BGR,2022,4.328
BGR,2023,NA
BGR,2024,NA
BHR,2000,1.013
BHR,2001,1.06
BHR,2002,1.053
BHR,2003,1.006
BHR,2004,0.922
BHR,2005,0.995
BHR,2006,0.977
BHR,2007,0.995
BHR,2008,0.984
BHR,2009,0.971
BHR,2010,0.971
BHR,2011,1.001
BHR,2012,1.023
BHR,2013,0.998
BHR,2014,0.974
BHR,2015,0.927
BHR,2016,0.83
BHR,2017,0.76
BHR,2018,0.729
BHR,2019,0.687
BHR,2020,0.741
BHR,2021,NA
BHR,2022,NA
BHR,2023,NA
BHR,2024,NA
BHS,2000,NA
BHS,2001,NA
BHS,2002,NA
BHS,2003,NA
BHS,2004,NA
BHS,2005,NA
BHS,2006,NA
BHS,2007,NA
BHS,2008,2.645
BHS,2009,NA
BHS,2010,NA
BHS,2011,2.233
BHS,2012,NA
BHS,2013,NA
BHS,2014,NA
BHS,2015,NA
BHS,2016,NA
BHS,2017,1.895
BHS,2018,NA
BHS,2019,NA
BHS,2020,NA
BHS,2021,NA
BHS,2022,NA
BHS,2023,NA
BHS,2024,NA
BIH,2000,1.312
BIH,2001,1.303
BIH,2002,1.3
BIH,2003,1.33
BIH,2004,1.372
BIH,2005,1.409
BIH,2006,1.46
BIH,2007,1.54
BIH,2008,1.59
BIH,2009,1.674
BIH,2010,1.749
BIH,2011,1.839
BIH,2012,1.914
BIH,2013,1.997
BIH,2014,2.083
BIH,2015,2.107
BIH,2016,2.146
BIH,2017,2.163
BIH,2018,2.457
BIH,2019,2.584
BIH,2020,NA
BIH,2021,NA
BIH,2022,NA
BIH,2023,NA
BIH,2024,NA
BLR,2000,3.268
BLR,2001,3.252
BLR,2002,3.275
BLR,2003,3.303
BLR,2004,3.299
BLR,2005,3.326
BLR,2006,3.393
BLR,2007,3.55
BLR,2008,3.578
BLR,2009,3.713
BLR,2010,3.511
BLR,2011,3.794
BLR,2012,3.885
BLR,2013,3.939
BLR,2014,4.082
BLR,2015,4.255
BLR,2016,4.372
BLR,2017,4.427
BLR,2018,4.486
BLR,2019,4.546
BLR,2020,4.605
BLR,2021,4.686
BLR,2022,4.669
BLR,2023,4.717
BLR,2024,NA
BLZ,2000,1.042
BLZ,2001,NA
BLZ,2002,NA
BLZ,2003,NA
BLZ,2004,NA
BLZ,2005,NA
BLZ,2006,NA
BLZ,2007,NA
BLZ,2008,NA
BLZ,2009,0.771
BLZ,2010,NA
BLZ,2011,NA
BLZ,2012,1.157
BLZ,2013,NA
BLZ,2014,NA
BLZ,2015,NA
BLZ,2016,NA
BLZ,2017,1.131
BLZ,2018,1.086
BLZ,2019,NA
BLZ,2020,NA
BLZ,2021,NA
BLZ,2022,NA
BLZ,2023,NA
BLZ,2024,NA
BMU,2000,NA
BMU,2001,NA
BMU,2002,NA
BMU,2003,NA
BMU,2004,NA
BMU,2005,NA
BMU,2006,NA
BMU,2007,NA
BMU,2008,NA
BMU,2009,NA
BMU,2010,NA
BMU,2011,NA
BMU,2012,NA
BMU,2013,NA
BMU,2014,NA
BMU,2015,NA
BMU,2016,NA
BMU,2017,NA
BMU,2018,NA
BMU,2019,NA
BMU,2020,NA
BMU,2021,NA
BMU,2022,NA
BMU,2023,NA
BMU,2024,NA
BOL,2000,NA
BOL,2001,1.18
BOL,2002,NA
BOL,2003,NA
BOL,2004,NA
BOL,2005,NA
BOL,2006,NA
BOL,2007,0.327
BOL,2008,NA
BOL,2009,NA
BOL,2010,0.433
BOL,2011,0.461
BOL,2012,NA
BOL,2013,NA
BOL,2014,NA
BOL,2015,NA
BOL,2016,1.569
BOL,2017,1.016
BOL,2018,NA
BOL,2019,1.088
BOL,2020,0.961
BOL,2021,1.284
BOL,2022,NA
BOL,2023,NA
BOL,2024,NA
BRA,2000,NA
BRA,2001,NA
BRA,2002,NA
BRA,2003,NA
BRA,2004,NA
BRA,2005,NA
BRA,2006,NA
BRA,2007,NA
BRA,2008,NA
BRA,2009,NA
BRA,2010,NA
BRA,2011,1.87
BRA,2012,NA
BRA,2013,1.906
BRA,2014,NA
BRA,2015,NA
BRA,2016,NA
BRA,2017,2.198
BRA,2018,NA
BRA,2019,2.351
BRA,2020,NA
BRA,2021,2.191
BRA,2022,NA
BRA,2023,2.357
BRA,2024,NA
BRB,2000,1.393
BRB,2001,1.601
BRB,2002,NA
BRB,2003,NA
BRB,2004,NA
BRB,2005,1.82
BRB,2006,NA
BRB,2007,NA
BRB,2008,NA
BRB,2009,NA
BRB,2010,NA
BRB,2011,NA
BRB,2012,NA
BRB,2013,NA
BRB,2014,NA
BRB,2015,NA
BRB,2016,NA
BRB,2017,2.541
BRB,2018,NA
BRB,2019,NA
BRB,2020,2.616
BRB,2021,2.871
BRB,2022,2.958
BRB,2023,NA
BRB,2024,NA
BRN,2000,1.029
BRN,2001,NA
BRN,2002,1.176
BRN,2003,NA
BRN,2004,1.312
BRN,2005,1.087
BRN,2006,1.094
BRN,2007,1.06
BRN,2008,1.493
BRN,2009,1.156
BRN,2010,1.435
BRN,2011,1.522
BRN,2012,1.469
BRN,2013,1.595
BRN,2014,1.485
BRN,2015,1.75
BRN,2016,NA
BRN,2017,1.578
BRN,2018,1.763
BRN,2019,NA
BRN,2020,NA
BRN,2021,1.886
BRN,2022,NA
BRN,2023,NA
BRN,2024,NA
BTN,2000,NA
BTN,2001,NA
BTN,2002,NA
BTN,2003,NA
BTN,2004,0.181
BTN,2005,NA
BTN,2006,NA
BTN,2007,0.212
BTN,2008,0.249
BTN,2009,NA
BTN,2010,NA
BTN,2011,NA
BTN,2012,0.271
BTN,2013,0.28
BTN,2014,0.333
BTN,2015,0.339
BTN,2016,0.4
BTN,2017,0.31
BTN,2018,0.421
BTN,2019,0.336
BTN,2020,0.486
BTN,2021,0.561
BTN,2022,0.553
BTN,2023,NA
BTN,2024,NA
BWA,2000,0.298
BWA,2001,0.298
BWA,2002,0.307
BWA,2003,0.296
BWA,2004,0.396
BWA,2005,0.253
BWA,2006,0.315
BWA,2007,0.371
BWA,2008,0.367
BWA,2009,0.348
BWA,2010,0.403
BWA,2011,0.395
BWA,2012,0.388
BWA,2013,NA
BWA,2014,NA
BWA,2015,NA
BWA,2016,0.371
BWA,2017,NA
BWA,2018,0.402
BWA,2019,0.395
BWA,2020,0.433
BWA,2021,0.422
BWA,2022,0.407
BWA,2023,0.379
BWA,2024,NA
CAF,2000,NA
CAF,2001,NA
CAF,2002,NA
CAF,2003,NA
CAF,2004,0.079
CAF,2005,NA
CAF,2006,NA
CAF,2007,NA
CAF,2008,0.0405
CAF,2009,0.045
CAF,2010,NA
CAF,2011,NA
CAF,2012,NA
CAF,2013,NA
CAF,2014,NA
CAF,2015,0.07
CAF,2016,NA
CAF,2017,NA
CAF,2018,0.069
CAF,2019,NA
CAF,2020,NA
CAF,2021,0.022
CAF,2022,0.029
CAF,2023,0.074
CAF,2024,NA
CAN,2000,NA
CAN,2001,1.8871
CAN,2002,1.8969
CAN,2003,NA
CAN,2004,1.8971
CAN,2005,NA
CAN,2006,1.9086
CAN,2007,NA
CAN,2008,1.959
CAN,2009,NA
CAN,2010,2.0384
CAN,2011,NA
CAN,2012,2.3962
CAN,2013,2.4509
CAN,2014,2.4961
CAN,2015,2.5388
CAN,2016,2.3105
CAN,2017,2.6102
CAN,2018,2.411
CAN,2019,2.418
CAN,2020,2.415
CAN,2021,2.444
CAN,2022,2.814
CAN,2023,2.819
CAN,2024,NA
CEB,2000,2.5700928239371588
CEB,2001,NA
CEB,2002,NA
CEB,2003,NA
CEB,2004,NA
CEB,2005,NA
CEB,2006,NA
CEB,2007,NA
CEB,2008,NA
CEB,2009,NA
CEB,2010,2.738962398615296
CEB,2011,NA
CEB,2012,NA
CEB,2013,NA
CEB,2014,NA
CEB,2015,NA
CEB,2016,NA
CEB,2017,NA
CEB,2018,NA
CEB,2019,NA
CEB,2020,NA
CEB,2021,NA
CEB,2022,3.907951715402623
CEB,2023,NA
CEB,2024,NA
CHE,2000,3.51
CHE,2001,3.514
CHE,2002,3.561
CHE,2003,3.658
CHE,2004,3.696
CHE,2005,3.74
CHE,2006,3.79
CHE,2007,3.788
CHE,2008,3.82
CHE,2009,3.836
CHE,2010,3.808
CHE,2011,3.832
CHE,2012,3.915
CHE,2013,4.039
CHE,2014,4.125
CHE,2015,4.196
CHE,2016,4.25
CHE,2017,4.297
CHE,2018,4.338
CHE,2019,4.349
CHE,2020,4.388
CHE,2021,4.435
CHE,2022,4.477
CHE,2023,NA
CHE,2024,NA
CHI,2000,NA
CHI,2001,NA
CHI,2002,NA
CHI,2003,NA
CHI,2004,NA
CHI,2005,NA
CHI,2006,NA
CHI,2007,NA
CHI,2008,NA
CHI,2009,NA
CHI,2010,NA
CHI,2011,NA
CHI,2012,NA
CHI,2013,NA
CHI,2014,NA
CHI,2015,NA
CHI,2016,NA
CHI,2017,NA
CHI,2018,NA
CHI,2019,NA
CHI,2020,NA
CHI,2021,NA
CHI,2022,NA
CHI,2023,NA
CHI,2024,NA
CHL,2000,NA
CHL,2001,NA
CHL,2002,0.882
CHL,2003,0.936
CHL,2004,0.974
CHL,2005,0.97
CHL,2006,1.031
CHL,2007,1.028
CHL,2008,1.031
CHL,2009,1.022
CHL,2010,1.423
CHL,2011,1.575
CHL,2012,1.735
CHL,2013,1.868
CHL,2014,2.016
CHL,2015,2.138
CHL,2016,2.286
CHL,2017,2.43
CHL,2018,2.569
CHL,2019,2.627
CHL,2020,2.798
CHL,2021,2.979
CHL,2022,3.178
CHL,2023,3.334
CHL,2024,NA
CHN,2000,1.263
CHN,2001,1.28
CHN,2002,1.137
CHN,2003,1.185
CHN,2004,1.215
CHN,2005,1.239
CHN,2006,1.273
CHN,2007,1.294
CHN,2008,1.343
CHN,2009,1.419
CHN,2010,1.46
CHN,2011,1.485
CHN,2012,1.562
CHN,2013,1.658
CHN,2014,1.711
CHN,2015,1.797
CHN,2016,1.888
CHN,2017,2.003
CHN,2018,2.122
CHN,2019,2.255
CHN,2020,2.385
CHN,2021,2.517
CHN,2022,3.112
CHN,2023,NA
CHN,2024,NA
CIV,2000,NA
CIV,2001,NA
CIV,2002,NA
CIV,2003,NA
CIV,2004,0.106
CIV,2005,0.085
CIV,2006,NA
CIV,2007,NA
CIV,2008,0.128
CIV,2009,NA
CIV,2010,NA
CIV,2011,0.14
CIV,2012,NA
CIV,2013,NA
CIV,2014,0.214
CIV,2015,NA
CIV,2016,NA
CIV,2017,NA
CIV,2018,0.351
CIV,2019,0.149
CIV,2020,0.153
CIV,2021,0.167
CIV,2022,0.162
CIV,2023,0.166
CIV,2024,NA
CMR,2000,NA
CMR,2001,NA
CMR,2002,NA
CMR,2003,NA
CMR,2004,0.188
CMR,2005,0.061
CMR,2006,NA
CMR,2007,0.073
CMR,2008,NA
CMR,2009,0.07
CMR,2010,0.087
CMR,2011,0.091
CMR,2012,NA
CMR,2013,NA
CMR,2014,NA
CMR,2015,NA
CMR,2016,NA
CMR,2017,NA
CMR,2018,0.131
CMR,2019,NA
CMR,2020,0.098
CMR,2021,0.126
CMR,2022,0.136
CMR,2023,NA
CMR,2024,NA
COD,2000,NA
COD,2001,NA
COD,2002,NA
COD,2003,NA
COD,2004,0.107
COD,2005,NA
COD,2006,NA
COD,2007,NA
COD,2008,NA
COD,2009,0.088
COD,2010,NA
COD,2011,NA
COD,2012,NA
COD,2013,0.085
COD,2014,NA
COD,2015,NA
COD,2016,NA
COD,2017,NA
COD,2018,NA
COD,2019,0.162
COD,2020,NA
COD,2021,0.171
COD,2022,0.208
COD,2023,NA
COD,2024,NA
COG,2000,NA
COG,2001,NA
COG,2002,NA
COG,2003,NA
COG,2004,0.212
COG,2005,NA
COG,2006,0.204
COG,2007,0.101
COG,2008,NA
COG,2009,NA
COG,2010,0.111
COG,2011,0.114
COG,2012,NA
COG,2013,NA
COG,2014,NA
COG,2015,NA
COG,2016,0.102
COG,2017,NA
COG,2018,0.099
COG,2019,NA
COG,2020,NA
COG,2021,NA
COG,2022,0.173
COG,2023,NA
COG,2024,NA
COL,2000,1.264
COL,2001,1.29
COL,2002,1.321
COL,2003,1.352
COL,2004,1.391
COL,2005,1.432
COL,2006,1.469
COL,2007,1.511
COL,2008,1.563
COL,2009,1.617
COL,2010,1.666
COL,2011,1.754
COL,2012,1.814
COL,2013,1.884
COL,2014,1.96
COL,2015,2.022
COL,2016,2.088
COL,2017,2.163
COL,2018,2.242
COL,2019,2.317
COL,2020,2.394
COL,2021,2.467
COL,2022,NA
COL,2023,2.535
COL,2024,NA
COM,2000,NA
COM,2001,NA
COM,2002,NA
COM,2003,NA
COM,2004,0.198
COM,2005,0.196
COM,2006,NA
COM,2007,NA
COM,2008,NA
COM,2009,0.199
COM,2010,NA
COM,2011,NA
COM,2012,0.181
COM,2013,NA
COM,2014,NA
COM,2015,NA
COM,2016,0.291
COM,2017,NA
COM,2018,0.285
COM,2019,NA
COM,2020,0.441
COM,2021,NA
COM,2022,0.424
COM,2023,NA
COM,2024,NA
CPV,2000,NA
CPV,2001,NA
CPV,2002,NA
CPV,2003,NA
CPV,2004,0.493
CPV,2005,NA
CPV,2006,NA
CPV,2007,NA
CPV,2008,NA
CPV,2009,0.136
CPV,2010,0.573
CPV,2011,0.571
CPV,2012,0.508
CPV,2013,0.601
CPV,2014,0.461
CPV,2015,0.743
CPV,2016,0.731
CPV,2017,0.659
CPV,2018,0.711
CPV,2019,0.743
CPV,2020,0.725
CPV,2021,0.732
CPV,2022,0.718
CPV,2023,0.73
CPV,2024,NA
CRI,2000,1.322
CRI,2001,NA
CRI,2002,NA
CRI,2003,NA
CRI,2004,NA
CRI,2005,NA
CRI,2006,2.053
CRI,2007,2.102
CRI,2008,2.169
CRI,2009,2.228
CRI,2010,2.317
CRI,2011,2.384
CRI,2012,2.471
CRI,2013,2.556
CRI,2014,2.659
CRI,2015,1.806
CRI,2016,1.955
CRI,2017,2.101
CRI,2018,2.253
CRI,2019,2.376
CRI,2020,2.494
CRI,2021,2.564
CRI,2022,2.687
CRI,2023,NA
CRI,2024,NA
CSS,2000,0.8165908755534627
CSS,2001,NA
CSS,2002,NA
CSS,2003,NA
CSS,2004,NA
CSS,2005,NA
CSS,2006,NA
CSS,2007,NA
CSS,2008,NA
CSS,2009,NA
CSS,2010,1.2649031056164581
CSS,2011,NA
CSS,2012,NA
CSS,2013,NA
CSS,2014,NA
CSS,2015,NA
CSS,2016,NA
CSS,2017,NA
CSS,2018,NA
CSS,2019,NA
CSS,2020,NA
CSS,2021,NA
CSS,2022,2.5250801321604337
CSS,2023,NA
CSS,2024,NA
CUB,2000,5.941
CUB,2001,5.952
CUB,2002,6.001
CUB,2003,6.068
CUB,2004,6.203
CUB,2005,6.268
CUB,2006,6.339
CUB,2007,6.416
CUB,2008,6.602
CUB,2009,6.63
CUB,2010,6.772
CUB,2011,6.957
CUB,2012,7.26
CUB,2013,7.408
CUB,2014,7.582
CUB,2015,7.803
CUB,2016,8.003
CUB,2017,8.187
CUB,2018,8.505
CUB,2019,8.677
CUB,2020,9.291
CUB,2021,9.542
CUB,2022,NA
CUB,2023,NA
CUB,2024,NA
CUW,2000,NA
CUW,2001,NA
CUW,2002,NA
CUW,2003,NA
CUW,2004,NA
CUW,2005,NA
CUW,2006,NA
CUW,2007,NA
CUW,2008,NA
CUW,2009,NA
CUW,2010,NA
CUW,2011,NA
CUW,2012,NA
CUW,2013,NA
CUW,2014,NA
CUW,2015,NA
CUW,2016,NA
CUW,2017,NA
CUW,2018,NA
CUW,2019,NA
CUW,2020,NA
CUW,2021,NA
CUW,2022,NA
CUW,2023,NA
CUW,2024,NA
CYM,2000,NA
CYM,2001,NA
CYM,2002,NA
CYM,2003,NA
CYM,2004,NA
CYM,2005,NA
CYM,2006,NA
CYM,2007,NA
CYM,2008,NA
CYM,2009,NA
CYM,2010,NA
CYM,2011,NA
CYM,2012,NA
CYM,2013,NA
CYM,2014,NA
CYM,2015,NA
CYM,2016,NA
CYM,2017,NA
CYM,2018,NA
CYM,2019,NA
CYM,2020,NA
CYM,2021,NA
CYM,2022,NA
CYM,2023,NA
CYM,2024,NA
CYP,2000,1.899
CYP,2001,1.908
CYP,2002,1.87
CYP,2003,1.851
CYP,2004,1.898
CYP,2005,1.881
CYP,2006,1.822
CYP,2007,1.974
CYP,2008,2.007
CYP,2009,2.046
CYP,2010,2.127
CYP,2011,2.206
CYP,2012,2.236
CYP,2013,2.326
CYP,2014,2.396
CYP,2015,2.498
CYP,2016,2.594
CYP,2017,2.651
CYP,2018,2.789
CYP,2019,2.928
CYP,2020,3.197
CYP,2021,3.355
CYP,2022,3.556
CYP,2023,NA
CYP,2024,NA
CZE,2000,3.38
CZE,2001,3.442
CZE,2002,3.491
CZE,2003,3.509
CZE,2004,3.499
CZE,2005,3.539
CZE,2006,3.551
CZE,2007,3.561
CZE,2008,3.558
CZE,2009,3.584
CZE,2010,3.599
CZE,2011,3.637
CZE,2012,3.676
CZE,2013,3.689
CZE,2014,3.9345
CZE,2015,3.9516
CZE,2016,4.0194
CZE,2017,4.0676
CZE,2018,4.069
CZE,2019,4.112
CZE,2020,4.153
CZE,2021,4.246
CZE,2022,4.352
CZE,2023,NA
CZE,2024,NA
DEU,2000,3.263
DEU,2001,3.31
DEU,2002,3.338
DEU,2003,3.369
DEU,2004,3.392
DEU,2005,3.413
DEU,2006,3.465
DEU,2007,3.528
DEU,2008,3.584
DEU,2009,3.662
DEU,2010,3.757
DEU,2011,3.849
DEU,2012,3.922
DEU,2013,4.015
DEU,2014,4.088
DEU,2015,4.12
DEU,2016,4.166
DEU,2017,4.226
DEU,2018,4.287
DEU,2019,4.373
DEU,2020,4.443
DEU,2021,4.503
DEU,2022,4.534
DEU,2023,NA
DEU,2024,NA
DJI,2000,NA
DJI,2001,NA
DJI,2002,NA
DJI,2003,NA
DJI,2004,0.156
DJI,2005,0.167
DJI,2006,0.216
DJI,2007,NA
DJI,2008,NA
DJI,2009,NA
DJI,2010,NA
DJI,2011,NA
DJI,2012,NA
DJI,2013,NA
DJI,2014,0.201
DJI,2015,NA
DJI,2016,NA
DJI,2017,NA
DJI,2018,NA
DJI,2019,NA
DJI,2020,NA
DJI,2021,NA
DJI,2022,0.211
DJI,2023,NA
DJI,2024,NA
DMA,2000,NA
DMA,2001,1.816
DMA,2002,NA
DMA,2003,NA
DMA,2004,NA
DMA,2005,NA
DMA,2006,NA
DMA,2007,NA
DMA,2008,NA
DMA,2009,NA
DMA,2010,NA
DMA,2011,NA
DMA,2012,NA
DMA,2013,NA
DMA,2014,NA
DMA,2015,NA
DMA,2016,NA
DMA,2017,1.168
DMA,2018,1.158
DMA,2019,NA
DMA,2020,NA
DMA,2021,NA
DMA,2022,NA
DMA,2023,NA
DMA,2024,NA
DNK,2000,2.913
DNK,2001,2.933
DNK,2002,3.037
DNK,2003,3.081
DNK,2004,3.227
DNK,2005,3.335
DNK,2006,3.424
DNK,2007,3.458
DNK,2008,3.579
DNK,2009,3.651
DNK,2010,3.726
DNK,2011,3.789
DNK,2012,3.837
DNK,2013,3.849
DNK,2014,3.877
DNK,2015,3.93
DNK,2016,3.999
DNK,2017,4.109
DNK,2018,4.196
DNK,2019,4.251
DNK,2020,4.377
DNK,2021,4.498
DNK,2022,NA
DNK,2023,NA
DNK,2024,NA
DOM,2000,1.825
DOM,2001,NA
DOM,2002,NA
DOM,2003,NA
DOM,2004,NA
DOM,2005,NA
DOM,2006,NA
DOM,2007,NA
DOM,2008,1.085
DOM,2009,NA
DOM,2010,NA
DOM,2011,1.507
DOM,2012,NA
DOM,2013,NA
DOM,2014,NA
DOM,2015,NA
DOM,2016,NA
DOM,2017,NA
DOM,2018,1.426
DOM,2019,1.431
DOM,2020,1.948
DOM,2021,2.029
DOM,2022,2.234
DOM,2023,2.426
DOM,2024,NA
DZA,2000,NA
DZA,2001,NA
DZA,2002,1.114
DZA,2003,NA
DZA,2004,NA
DZA,2005,1.026
DZA,2006,NA
DZA,2007,1.195
DZA,2008,NA
DZA,2009,NA
DZA,2010,NA
DZA,2011,NA
DZA,2012,NA
DZA,2013,NA
DZA,2014,NA
DZA,2015,NA
DZA,2016,1.819
DZA,2017,NA
DZA,2018,1.708
DZA,2019,0.973
DZA,2020,NA
DZA,2021,NA
DZA,2022,1.66
DZA,2023,NA
DZA,2024,NA
EAP,2000,1.1344944095012457
EAP,2001,NA
EAP,2002,NA
EAP,2003,NA
EAP,2004,NA
EAP,2005,NA
EAP,2006,NA
EAP,2007,NA
EAP,2008,NA
EAP,2009,NA
EAP,2010,1.1710842611245897
EAP,2011,NA
EAP,2012,NA
EAP,2013,NA
EAP,2014,NA
EAP,2015,NA
EAP,2016,NA
EAP,2017,NA
EAP,2018,NA
EAP,2019,NA
EAP,2020,NA
EAP,2021,NA
EAP,2022,2.354171047968665
EAP,2023,NA
EAP,2024,NA
EAR,2000,NA
EAR,2001,NA
EAR,2002,NA
EAR,2003,NA
EAR,2004,NA
EAR,2005,NA
EAR,2006,NA
EAR,2007,NA
EAR,2008,NA
EAR,2009,NA
EAR,2010,NA
EAR,2011,NA
EAR,2012,NA
EAR,2013,NA
EAR,2014,NA
EAR,2015,NA
EAR,2016,NA
EAR,2017,NA
EAR,2018,NA
EAR,2019,NA
EAR,2020,NA
EAR,2021,NA
EAR,2022,1.0220225502547369
EAR,2023,NA
EAR,2024,NA
EAS,2000,1.2130777822234144
EAS,2001,NA
EAS,2002,NA
EAS,2003,NA
EAS,2004,NA
EAS,2005,NA
EAS,2006,NA
EAS,2007,NA
EAS,2008,NA
EAS,2009,NA
EAS,2010,1.277628022770276
EAS,2011,NA
EAS,2012,NA
EAS,2013,NA
EAS,2014,NA
EAS,2015,NA
EAS,2016,NA
EAS,2017,NA
EAS,2018,NA
EAS,2019,NA
EAS,2020,NA
EAS,2021,NA
EAS,2022,2.398509201212948
EAS,2023,NA
EAS,2024,NA
ECA,2000,2.3814452716395933
ECA,2001,NA
ECA,2002,NA
ECA,2003,NA
ECA,2004,NA
ECA,2005,NA
ECA,2006,NA
ECA,2007,NA
ECA,2008,NA
ECA,2009,NA
ECA,2010,2.594699789355356
ECA,2011,NA
ECA,2012,NA
ECA,2013,NA
ECA,2014,NA
ECA,2015,NA
ECA,2016,NA
ECA,2017,NA
ECA,2018,NA
ECA,2019,NA
ECA,2020,NA
ECA,2021,NA
ECA,2022,2.853031710713099
ECA,2023,NA
ECA,2024,NA
ECS,2000,3.099817113397709
ECS,2001,NA
ECS,2002,NA
ECS,2003,NA
ECS,2004,NA
ECS,2005,NA
ECS,2006,NA
ECS,2007,NA
ECS,2008,NA
ECS,2009,NA
ECS,2010,3.4369224931500884
ECS,2011,NA
ECS,2012,NA
ECS,2013,NA
ECS,2014,NA
ECS,2015,NA
ECS,2016,NA
ECS,2017,NA
ECS,2018,NA
ECS,2019,NA
ECS,2020,NA
ECS,2021,NA
ECS,2022,3.8969574607446598
ECS,2023,NA
ECS,2024,NA
ECU,2000,0.812
ECU,2001,0.851
ECU,2002,0.849
ECU,2003,0.808
ECU,2004,0.884
ECU,2005,0.902
ECU,2006,0.895
ECU,2007,0.978
ECU,2008,1.096
ECU,2009,1.216
ECU,2010,1.283
ECU,2011,1.382
ECU,2012,1.561
ECU,2013,1.645
ECU,2014,1.684
ECU,2015,1.806
ECU,2016,2.055
ECU,2017,2.225
ECU,2018,2.341
ECU,2019,2.32
ECU,2020,2.313
ECU,2021,NA
ECU,2022,NA
ECU,2023,NA
ECU,2024,NA
EGY,2000,NA
EGY,2001,NA
EGY,2002,NA
EGY,2003,0.494
EGY,2004,NA
EGY,2005,NA
EGY,2006,NA
EGY,2007,NA
EGY,2008,NA
EGY,2009,NA
EGY,2010,NA
EGY,2011,NA
EGY,2012,NA
EGY,2013,NA
EGY,2014,0.73
EGY,2015,0.763
EGY,2016,0.763
EGY,2017,0.743
EGY,2018,0.716
EGY,2019,0.697
EGY,2020,0.671
EGY,2021,NA
EGY,2022,NA
EGY,2023,NA
EGY,2024,NA
EMU,2000,3.2290851626398145
EMU,2001,NA
EMU,2002,NA
EMU,2003,NA
EMU,2004,NA
EMU,2005,NA
EMU,2006,NA
EMU,2007,NA
EMU,2008,NA
EMU,2009,NA
EMU,2010,3.6705050424248125
EMU,2011,NA
EMU,2012,NA
EMU,2013,NA
EMU,2014,NA
EMU,2015,NA
EMU,2016,NA
EMU,2017,NA
EMU,2018,NA
EMU,2019,NA
EMU,2020,NA
EMU,2021,NA
EMU,2022,4.1888917956196785
EMU,2023,NA
EMU,2024,NA
ERI,2000,0.045
ERI,2001,0.041
ERI,2002,0.055
ERI,2003,0.042
ERI,2004,0.055
ERI,2005,0.046
ERI,2006,0.05
ERI,2007,0.045
ERI,2008,0.045
ERI,2009,0.044
ERI,2010,0.044
ERI,2011,0.045
ERI,2012,0.05
ERI,2013,0.056
ERI,2014,0.066
ERI,2015,0.068
ERI,2016,0.072
ERI,2017,0.071
ERI,2018,0.088
ERI,2019,0.077
ERI,2020,0.088
ERI,2021,0.085
ERI,2022,0.088
ERI,2023,NA
ERI,2024,NA
ESP,2000,3.101
ESP,2001,3.106
ESP,2002,3.105
ESP,2003,3.2
ESP,2004,3.419
ESP,2005,3.521
ESP,2006,3.601
ESP,2007,3.538
ESP,2008,3.523
ESP,2009,3.577
ESP,2010,3.737
ESP,2011,3.814
ESP,2012,3.804
ESP,2013,3.791
ESP,2014,3.781
ESP,2015,3.826
ESP,2016,3.803
ESP,2017,3.854
ESP,2018,3.996
ESP,2019,4.376
ESP,2020,4.546
ESP,2021,4.457
ESP,2022,4.294
ESP,2023,NA
ESP,2024,NA
EST,2000,2.942
EST,2001,2.783
EST,2002,2.964
EST,2003,2.996
EST,2004,3.023
EST,2005,3.142
EST,2006,3.182
EST,2007,3.26
EST,2008,3.342
EST,2009,3.281
EST,2010,3.244
EST,2011,3.294
EST,2012,3.284
EST,2013,3.335
EST,2014,3.361
EST,2015,3.417
EST,2016,3.457
EST,2017,3.468
EST,2018,3.483
EST,2019,3.469
EST,2020,3.479
EST,2021,3.43
EST,2022,3.469
EST,2023,NA
EST,2024,NA
ETH,2000,0.021
ETH,2001,0.028
ETH,2002,0.029
ETH,2003,0.026
ETH,2004,0.026
ETH,2005,0.031
ETH,2006,0.026
ETH,2007,0.022
ETH,2008,0.024
ETH,2009,0.025
ETH,2010,NA
ETH,2011,NA
ETH,2012,NA
ETH,2013,NA
ETH,2014,NA
ETH,2015,NA
ETH,2016,NA
ETH,2017,NA
ETH,2018,0.075
ETH,2019,0.089
ETH,2020,0.102
ETH,2021,0.1
ETH,2022,0.105
ETH,2023,0.143
ETH,2024,NA
EUU,2000,3.0674920930879344
EUU,2001,NA
EUU,2002,NA
EUU,2003,NA
EUU,2004,NA
EUU,2005,NA
EUU,2006,NA
EUU,2007,NA
EUU,2008,NA
EUU,2009,NA
EUU,2010,3.4734978536935306
EUU,2011,NA
EUU,2012,NA
EUU,2013,NA
EUU,2014,NA
EUU,2015,NA
EUU,2016,NA
EUU,2017,NA
EUU,2018,NA
EUU,2019,NA
EUU,2020,NA
EUU,2021,NA
EUU,2022,4.15125312082381
EUU,2023,NA
EUU,2024,NA
FCS,2000,0.6103370362933489
FCS,2001,NA
FCS,2002,NA
FCS,2003,NA
FCS,2004,NA
FCS,2005,NA
FCS,2006,NA
FCS,2007,NA
FCS,2008,NA
FCS,2009,NA
FCS,2010,0.49667688318087255
FCS,2011,NA
FCS,2012,NA
FCS,2013,NA
FCS,2014,NA
FCS,2015,NA
FCS,2016,NA
FCS,2017,NA
FCS,2018,NA
FCS,2019,NA
FCS,2020,NA
FCS,2021,NA
FCS,2022,0.5275140092264098
FCS,2023,NA
FCS,2024,NA
FIN,2000,2.499
FIN,2001,2.5
FIN,2002,2.527
FIN,2003,2.564
FIN,2004,3.653
FIN,2005,3.674
FIN,2006,3.691
FIN,2007,3.729
FIN,2008,3.742
FIN,2009,3.775
FIN,2010,3.44
FIN,2011,3.543
FIN,2012,3.556
FIN,2013,3.386
FIN,2014,3.448
FIN,2015,3.421
FIN,2016,3.42
FIN,2017,3.437
FIN,2018,3.463
FIN,2019,3.566
FIN,2020,3.61
FIN,2021,3.609
FIN,2022,NA
FIN,2023,NA
FIN,2024,NA
FJI,2000,NA
FJI,2001,NA
FJI,2002,NA
FJI,2003,0.439
FJI,2004,NA
FJI,2005,NA
FJI,2006,NA
FJI,2007,NA
FJI,2008,0.373
FJI,2009,0.41
FJI,2010,NA
FJI,2011,NA
FJI,2012,NA
FJI,2013,0.77
FJI,2014,NA
FJI,2015,0.813
FJI,2016,NA
FJI,2017,NA
FJI,2018,NA
FJI,2019,NA
FJI,2020,NA
FJI,2021,NA
FJI,2022,NA
FJI,2023,NA
FJI,2024,NA
FRA,2000,3.328
FRA,2001,3.358
FRA,2002,3.381
FRA,2003,3.396
FRA,2004,3.413
FRA,2005,3.413
FRA,2006,3.406
FRA,2007,3.388
FRA,2008,3.385
FRA,2009,3.339
FRA,2010,3.345
FRA,2011,3.124
FRA,2012,3.139
FRA,2013,3.156
FRA,2014,3.169
FRA,2015,3.184
FRA,2016,3.2
FRA,2017,3.217
FRA,2018,3.214
FRA,2019,3.243
FRA,2020,3.252
FRA,2021,3.264
FRA,2022,3.281
FRA,2023,NA
FRA,2024,NA
FRO,2000,NA
FRO,2001,NA
FRO,2002,NA
FRO,2003,NA
FRO,2004,NA
FRO,2005,NA
FRO,2006,NA
FRO,2007,NA
FRO,2008,NA
FRO,2009,NA
FRO,2010,NA
FRO,2011,NA
FRO,2012,NA
FRO,2013,NA
FRO,2014,NA
FRO,2015,NA
FRO,2016,NA
FRO,2017,NA
FRO,2018,NA
FRO,2019,NA
FRO,2020,NA
FRO,2021,NA
FRO,2022,NA
FRO,2023,NA
FRO,2024,NA
FSM,2000,0.571
FSM,2001,NA
FSM,2002,NA
FSM,2003,0.534
FSM,2004,NA
FSM,2005,0.557
FSM,2006,NA
FSM,2007,NA
FSM,2008,0.588
FSM,2009,0.1942
FSM,2010,NA
FSM,2011,NA
FSM,2012,0.667
FSM,2013,NA
FSM,2014,NA
FSM,2015,NA
FSM,2016,NA
FSM,2017,NA
FSM,2018,NA
FSM,2019,0.762
FSM,2020,0.974
FSM,2021,NA
FSM,2022,NA
FSM,2023,NA
FSM,2024,NA
GAB,2000,NA
GAB,2001,NA
GAB,2002,NA
GAB,2003,NA
GAB,2004,0.278
GAB,2005,NA
GAB,2006,NA
GAB,2007,NA
GAB,2008,0.0968
GAB,2009,NA
GAB,2010,NA
GAB,2011,NA
GAB,2012,NA
GAB,2013,NA
GAB,2014,NA
GAB,2015,NA
GAB,2016,0.34
GAB,2017,0.653
GAB,2018,0.618
GAB,2019,0.603
GAB,2020,0.586
GAB,2021,NA
GAB,2022,0.521
GAB,2023,NA
GAB,2024,NA
GBR,2000,1.987
GBR,2001,2.036
GBR,2002,2.107
GBR,2003,2.194
GBR,2004,2.324
GBR,2005,2.4
GBR,2006,2.45
GBR,2007,2.481
GBR,2008,2.559
GBR,2009,2.642
GBR,2010,2.645
GBR,2011,2.682
GBR,2012,2.69
GBR,2013,2.702
GBR,2014,2.738
GBR,2015,2.767
GBR,2016,2.773
GBR,2017,2.802
GBR,2018,2.828
GBR,2019,2.932
GBR,2020,3.028
GBR,2021,3.16
GBR,2022,3.143
GBR,2023,3.301
GBR,2024,NA
GEO,2000,3.867
GEO,2001,3.793
GEO,2002,3.928
GEO,2003,3.97
GEO,2004,3.96
GEO,2005,3.991
GEO,2006,4.055
GEO,2007,4.099
GEO,2008,4.205
GEO,2009,4.438
GEO,2010,4.679
GEO,2011,4.747
GEO,2012,4.75
GEO,2013,4.799
GEO,2014,5.081
GEO,2015,5.313
GEO,2016,6.351
GEO,2017,6.478
GEO,2018,7.51
GEO,2019,7.452
GEO,2020,5.121
GEO,2021,5.287
GEO,2022,5.538
GEO,2023,5.642
GEO,2024,NA
GHA,2000,NA
GHA,2001,NA
GHA,2002,0.09
GHA,2003,NA
GHA,2004,0.148
GHA,2005,NA
GHA,2006,NA
GHA,2007,0.07
GHA,2008,0.077
GHA,2009,0.082
GHA,2010,0.091
GHA,2011,0.095
GHA,2012,0.093
GHA,2013,0.1
GHA,2014,0.108
GHA,2015,0.114
GHA,2016,0.123
GHA,2017,0.089
GHA,2018,0.144
GHA,2019,0.104
GHA,2020,0.166
GHA,2021,0.128
GHA,2022,0.143
GHA,2023,0.266
GHA,2024,NA
GIB,2000,NA
GIB,2001,NA
GIB,2002,NA
GIB,2003,NA
GIB,2004,NA
GIB,2005,NA
GIB,2006,NA
GIB,2007,NA
GIB,2008,NA
GIB,2009,NA
GIB,2010,NA
GIB,2011,NA
GIB,2012,NA
GIB,2013,NA
GIB,2014,NA
GIB,2015,NA
GIB,2016,NA
GIB,2017,NA
GIB,2018,NA
GIB,2019,NA
GIB,2020,NA
GIB,2021,NA
GIB,2022,NA
GIB,2023,NA
GIB,2024,NA
GIN,2000,0.091
GIN,2001,NA
GIN,2002,NA
GIN,2003,NA
GIN,2004,0.109
GIN,2005,0.102
GIN,2006,NA
GIN,2007,NA
GIN,2008,NA
GIN,2009,NA
GIN,2010,NA
GIN,2011,NA
GIN,2012,NA
GIN,2013,NA
GIN,2014,0.161
GIN,2015,0.083
GIN,2016,0.081
GIN,2017,NA
GIN,2018,0.219
GIN,2019,NA
GIN,2020,NA
GIN,2021,NA
GIN,2022,0.21
GIN,2023,NA
GIN,2024,NA
GMB,2000,NA
GMB,2001,NA
GMB,2002,NA
GMB,2003,0.099
GMB,2004,0.102
GMB,2005,0.1
GMB,2006,0.102
GMB,2007,0.09
GMB,2008,0.096
GMB,2009,NA
GMB,2010,NA
GMB,2011,NA
GMB,2012,NA
GMB,2013,NA
GMB,2014,NA
GMB,2015,0.096
GMB,2016,NA
GMB,2017,0.099
GMB,2018,0.124
GMB,2019,0.077
GMB,2020,0.078
GMB,2021,0.104
GMB,2022,0.104
GMB,2023,0.09
GMB,2024,NA
GNB,2000,NA
GNB,2001,NA
GNB,2002,NA
GNB,2003,NA
GNB,2004,0.139
GNB,2005,NA
GNB,2006,NA
GNB,2007,NA
GNB,2008,0.052
GNB,2009,0.081
GNB,2010,NA
GNB,2011,0.062
GNB,2012,NA
GNB,2013,NA
GNB,2014,NA
GNB,2015,0.198
GNB,2016,0.1
GNB,2017,NA
GNB,2018,0.301
GNB,2019,NA
GNB,2020,0.191
GNB,2021,0.22
GNB,2022,0.252
GNB,2023,NA
GNB,2024,NA
GNQ,2000,NA
GNQ,2001,NA
GNQ,2002,NA
GNQ,2003,NA
GNQ,2004,0.17
GNQ,2005,NA
GNQ,2006,NA
GNQ,2007,NA
GNQ,2008,NA
GNQ,2009,NA
GNQ,2010,NA
GNQ,2011,NA
GNQ,2012,NA
GNQ,2013,NA
GNQ,2014,NA
GNQ,2015,NA
GNQ,2016,NA
GNQ,2017,0.325
GNQ,2018,NA
GNQ,2019,NA
GNQ,2020,NA
GNQ,2021,NA
GNQ,2022,0.153
GNQ,2023,NA
GNQ,2024,NA
GRC,2000,4.382
GRC,2001,4.422
GRC,2002,4.623
GRC,2003,4.783
GRC,2004,4.928
GRC,2005,5.059
GRC,2006,5.41
GRC,2007,5.632
GRC,2008,5.71
GRC,2009,5.791
GRC,2010,5.756
GRC,2011,5.774
GRC,2012,5.778
GRC,2013,5.811
GRC,2014,5.867
GRC,2015,5.902
GRC,2016,6.122
GRC,2017,6.067
GRC,2018,6.105
GRC,2019,6.163
GRC,2020,6.186
GRC,2021,6.366
GRC,2022,6.576
GRC,2023,NA
GRC,2024,NA
GRD,2000,0.54
GRD,2001,0.537
GRD,2002,0.535
GRD,2003,0.533
GRD,2004,NA
GRD,2005,NA
GRD,2006,0.627
GRD,2007,NA
GRD,2008,NA
GRD,2009,NA
GRD,2010,NA
GRD,2011,NA
GRD,2012,NA
GRD,2013,NA
GRD,2014,NA
GRD,2015,NA
GRD,2016,NA
GRD,2017,1.352
GRD,2018,1.383
GRD,2019,NA
GRD,2020,NA
GRD,2021,NA
GRD,2022,NA
GRD,2023,NA
GRD,2024,NA
GRL,2000,NA
GRL,2001,NA
GRL,2002,NA
GRL,2003,NA
GRL,2004,NA
GRL,2005,NA
GRL,2006,NA
GRL,2007,NA
GRL,2008,NA
GRL,2009,NA
GRL,2010,NA
GRL,2011,NA
GRL,2012,NA
GRL,2013,NA
GRL,2014,NA
GRL,2015,NA
GRL,2016,NA
GRL,2017,NA
GRL,2018,NA
GRL,2019,NA
GRL,2020,NA
GRL,2021,NA
GRL,2022,NA
GRL,2023,NA
GRL,2024,NA
GTM,2000,NA
GTM,2001,NA
GTM,2002,NA
GTM,2003,NA
GTM,2004,NA
GTM,2005,NA
GTM,2006,NA
GTM,2007,NA
GTM,2008,NA
GTM,2009,0.91
GTM,2010,NA
GTM,2011,NA
GTM,2012,NA
GTM,2013,NA
GTM,2014,NA
GTM,2015,NA
GTM,2016,NA
GTM,2017,0.286
GTM,2018,0.363
GTM,2019,NA
GTM,2020,1.281
GTM,2021,NA
GTM,2022,NA
GTM,2023,NA
GTM,2024,NA
GUM,2000,NA
GUM,2001,NA
GUM,2002,NA
GUM,2003,NA
GUM,2004,NA
GUM,2005,NA
GUM,2006,NA
GUM,2007,NA
GUM,2008,NA
GUM,2009,NA
GUM,2010,NA
GUM,2011,NA
GUM,2012,NA
GUM,2013,NA
GUM,2014,NA
GUM,2015,NA
GUM,2016,NA
GUM,2017,NA
GUM,2018,NA
GUM,2019,NA
GUM,2020,NA
GUM,2021,NA
GUM,2022,NA
GUM,2023,NA
GUM,2024,NA
GUY,2000,0.479
GUY,2001,NA
GUY,2002,NA
GUY,2003,NA
GUY,2004,NA
GUY,2005,NA
GUY,2006,NA
GUY,2007,NA
GUY,2008,NA
GUY,2009,0.214
GUY,2010,0.687
GUY,2011,NA
GUY,2012,NA
GUY,2013,NA
GUY,2014,NA
GUY,2015,NA
GUY,2016,NA
GUY,2017,NA
GUY,2018,1.79
GUY,2019,NA
GUY,2020,1.387
GUY,2021,NA
GUY,2022,NA
GUY,2023,NA
GUY,2024,NA
HIC,2000,2.788564942988182
HIC,2001,NA
HIC,2002,NA
HIC,2003,NA
HIC,2004,NA
HIC,2005,NA
HIC,2006,NA
HIC,2007,NA
HIC,2008,NA
HIC,2009,NA
HIC,2010,3.2374313173357505
HIC,2011,NA
HIC,2012,NA
HIC,2013,NA
HIC,2014,NA
HIC,2015,NA
HIC,2016,NA
HIC,2017,NA
HIC,2018,NA
HIC,2019,NA
HIC,2020,NA
HIC,2021,NA
HIC,2022,3.7818027672656056
HIC,2023,NA
HIC,2024,NA
HKG,2000,NA
HKG,2001,NA
HKG,2002,NA
HKG,2003,NA
HKG,2004,NA
HKG,2005,NA
HKG,2006,NA
HKG,2007,NA
HKG,2008,NA
HKG,2009,NA
HKG,2010,NA
HKG,2011,NA
HKG,2012,NA
HKG,2013,NA
HKG,2014,NA
HKG,2015,NA
HKG,2016,NA
HKG,2017,NA
HKG,2018,NA
HKG,2019,NA
HKG,2020,NA
HKG,2021,NA
HKG,2022,NA
HKG,2023,NA
HKG,2024,NA
HND,2000,0.559
HND,2001,NA
HND,2002,NA
HND,2003,NA
HND,2004,NA
HND,2005,0.358
HND,2006,NA
HND,2007,NA
HND,2008,NA
HND,2009,NA
HND,2010,0.293
HND,2011,NA
HND,2012,NA
HND,2013,NA
HND,2014,NA
HND,2015,NA
HND,2016,0.589
HND,2017,0.304
HND,2018,NA
HND,2019,NA
HND,2020,0.489
HND,2021,NA
HND,2022,NA
HND,2023,NA
HND,2024,NA
HPC,2000,0.11247938293800366
HPC,2001,NA
HPC,2002,NA
HPC,2003,NA
HPC,2004,NA
HPC,2005,NA
HPC,2006,NA
HPC,2007,NA
HPC,2008,NA
HPC,2009,NA
HPC,2010,0.106407444908056
HPC,2011,NA
HPC,2012,NA
HPC,2013,NA
HPC,2014,NA
HPC,2015,NA
HPC,2016,NA
HPC,2017,NA
HPC,2018,NA
HPC,2019,NA
HPC,2020,NA
HPC,2021,NA
HPC,2022,0.20020266562935649
HPC,2023,NA
HPC,2024,NA
HRV,2000,2.413
HRV,2001,2.453
HRV,2002,2.459
HRV,2003,2.512
HRV,2004,2.574
HRV,2005,2.573
HRV,2006,2.607
HRV,2007,2.734
HRV,2008,2.735
HRV,2009,2.741
HRV,2010,2.861
HRV,2011,2.918
HRV,2012,2.999
HRV,2013,3.042
HRV,2014,3.153
HRV,2015,3.21
HRV,2016,3.265
HRV,2017,3.404
HRV,2018,3.497
HRV,2019,3.59
HRV,2020,3.606
HRV,2021,3.734
HRV,2022,3.909
HRV,2023,NA
HRV,2024,NA
HTI,2000,NA
HTI,2001,NA
HTI,2002,NA
HTI,2003,NA
HTI,2004,NA
HTI,2005,NA
HTI,2006,NA
HTI,2007,NA
HTI,2008,NA
HTI,2009,NA
HTI,2010,NA
HTI,2011,0.14
HTI,2012,NA
HTI,2013,0.234
HTI,2014,NA
HTI,2015,0.087
HTI,2016,NA
HTI,2017,NA
HTI,2018,0.238
HTI,2019,NA
HTI,2020,NA
HTI,2021,NA
HTI,2022,0.292
HTI,2023,NA
HTI,2024,NA
HUN,2000,3.012
HUN,2001,3.255
HUN,2002,3.679
HUN,2003,3.783
HUN,2004,3.344
HUN,2005,2.787
HUN,2006,3.042
HUN,2007,2.809
HUN,2008,3.097
HUN,2009,3.027
HUN,2010,2.875
HUN,2011,2.966
HUN,2012,3.09
HUN,2013,3.21
HUN,2014,3.325
HUN,2015,3.098
HUN,2016,3.212
HUN,2017,3.326
HUN,2018,3.384
HUN,2019,3.494
HUN,2020,3.14
HUN,2021,3.299
HUN,2022,3.456
HUN,2023,NA
HUN,2024,NA
IBD,2000,NA
IBD,2001,NA
IBD,2002,NA
IBD,2003,NA
IBD,2004,NA
IBD,2005,NA
IBD,2006,NA
IBD,2007,NA
IBD,2008,NA
IBD,2009,NA
IBD,2010,1.5990669383076368
IBD,2011,NA
IBD,2012,NA
IBD,2013,NA
IBD,2014,NA
IBD,2015,NA
IBD,2016,NA
IBD,2017,NA
IBD,2018,NA
IBD,2019,NA
IBD,2020,NA
IBD,2021,NA
IBD,2022,1.9404641297458451
IBD,2023,NA
IBD,2024,NA
IBT,2000,1.2144225019894688
IBT,2001,NA
IBT,2002,NA
IBT,2003,NA
IBT,2004,NA
IBT,2005,NA
IBT,2006,NA
IBT,2007,NA
IBT,2008,NA
IBT,2009,NA
IBT,2010,1.2048711907490948
IBT,2011,NA
IBT,2012,NA
IBT,2013,NA
IBT,2014,NA
IBT,2015,NA
IBT,2016,NA
IBT,2017,NA
IBT,2018,NA
IBT,2019,NA
IBT,2020,NA
IBT,2021,NA
IBT,2022,1.5510701444107469
IBT,2023,NA
IBT,2024,NA
IDA,2000,0.352519116020521
IDA,2001,NA
IDA,2002,NA
IDA,2003,NA
IDA,2004,NA
IDA,2005,NA
IDA,2006,NA
IDA,2007,NA
IDA,2008,NA
IDA,2009,NA
IDA,2010,0.3746299091496531
IDA,2011,NA
IDA,2012,NA
IDA,2013,NA
IDA,2014,NA
IDA,2015,NA
IDA,2016,NA
IDA,2017,NA
IDA,2018,NA
IDA,2019,NA
IDA,2020,NA
IDA,2021,NA
IDA,2022,0.511390512085274
IDA,2023,NA
IDA,2024,NA
IDB,2000,0.5795786229213634
IDB,2001,NA
IDB,2002,NA
IDB,2003,NA
IDB,2004,NA
IDB,2005,NA
IDB,2006,NA
IDB,2007,NA
IDB,2008,NA
IDB,2009,NA
IDB,2010,0.5777970981850828
IDB,2011,NA
IDB,2012,NA
IDB,2013,NA
IDB,2014,NA
IDB,2015,NA
IDB,2016,NA
IDB,2017,NA
IDB,2018,NA
IDB,2019,NA
IDB,2020,NA
IDB,2021,NA
IDB,2022,0.7654228481108409
IDB,2023,NA
IDB,2024,NA
IDN,2000,NA
IDN,2001,NA
IDN,2002,NA
IDN,2003,0.131
IDN,2004,NA
IDN,2005,NA
IDN,2006,NA
IDN,2007,NA
IDN,2008,NA
IDN,2009,0.259
IDN,2010,0.239
IDN,2011,NA
IDN,2012,0.197
IDN,2013,NA
IDN,2014,NA
IDN,2015,0.27
IDN,2016,NA
IDN,2017,0.373
IDN,2018,0.421
IDN,2019,0.462
IDN,2020,0.62
IDN,2021,0.688
IDN,2022,0.681
IDN,2023,0.524
IDN,2024,NA
IDX,2000,0.21596960069369914
IDX,2001,NA
IDX,2002,NA
IDX,2003,NA
IDX,2004,NA
IDX,2005,NA
IDX,2006,NA
IDX,2007,NA
IDX,2008,NA
IDX,2009,NA
IDX,2010,0.2594126542053724
IDX,2011,NA
IDX,2012,NA
IDX,2013,NA
IDX,2014,NA
IDX,2015,NA
IDX,2016,NA
IDX,2017,NA
IDX,2018,NA
IDX,2019,NA
IDX,2020,NA
IDX,2021,NA
IDX,2022,0.37301548892929237
IDX,2023,NA
IDX,2024,NA
IMN,2000,NA
IMN,2001,NA
IMN,2002,NA
IMN,2003,NA
IMN,2004,NA
IMN,2005,NA
IMN,2006,NA
IMN,2007,NA
IMN,2008,NA
IMN,2009,NA
IMN,2010,1.449
IMN,2011,NA
IMN,2012,NA
IMN,2013,NA
IMN,2014,NA
IMN,2015,NA
IMN,2016,NA
IMN,2017,NA
IMN,2018,NA
IMN,2019,NA
IMN,2020,NA
IMN,2021,NA
IMN,2022,NA
IMN,2023,NA
IMN,2024,NA
IND,2000,NA
IND,2001,NA
IND,2002,NA
IND,2003,NA
IND,2004,NA
IND,2005,NA
IND,2006,NA
IND,2007,NA
IND,2008,NA
IND,2009,NA
IND,2010,NA
IND,2011,NA
IND,2012,NA
IND,2013,NA
IND,2014,0.715
IND,2015,0.723
IND,2016,0.748
IND,2017,0.766
IND,2018,0.84
IND,2019,0.889
IND,2020,0.723
IND,2021,NA
IND,2022,NA
IND,2023,NA
IND,2024,NA
INX,2000,NA
INX,2001,NA
INX,2002,NA
INX,2003,NA
INX,2004,NA
INX,2005,NA
INX,2006,NA
INX,2007,NA
INX,2008,NA
INX,2009,NA
INX,2010,NA
INX,2011,NA
INX,2012,NA
INX,2013,NA
INX,2014,NA
INX,2015,NA
INX,2016,NA
INX,2017,NA
INX,2018,NA
INX,2019,NA
INX,2020,NA
INX,2021,NA
INX,2022,NA
INX,2023,NA
INX,2024,NA
IRL,2000,2.219
IRL,2001,2.373
IRL,2002,2.404
IRL,2003,2.572
IRL,2004,2.74
IRL,2005,3.531
IRL,2006,3.631
IRL,2007,3.838
IRL,2008,3.952
IRL,2009,4.004
IRL,2010,4.128
IRL,2011,4.104
IRL,2012,3.949
IRL,2013,3.927
IRL,2014,3.012
IRL,2015,3.119
IRL,2016,3.193
IRL,2017,3.256
IRL,2018,3.276
IRL,2019,3.317
IRL,2020,3.458
IRL,2021,4.028
IRL,2022,3.362
IRL,2023,3.875
IRL,2024,NA
IRN,2000,NA
IRN,2001,NA
IRN,2002,NA
IRN,2003,NA
IRN,2004,0.865
IRN,2005,0.861
IRN,2006,0.515
IRN,2007,NA
IRN,2008,NA
IRN,2009,NA
IRN,2010,NA
IRN,2011,NA
IRN,2012,NA
IRN,2013,NA
IRN,2014,1.43
IRN,2015,1.095
IRN,2016,NA
IRN,2017,1.071
IRN,2018,1.505
IRN,2019,NA
IRN,2020,NA
IRN,2021,NA
IRN,2022,NA
IRN,2023,1.811
IRN,2024,NA
IRQ,2000,NA
IRQ,2001,0.543
IRQ,2002,NA
IRQ,2003,NA
IRQ,2004,0.658
IRQ,2005,0.66
IRQ,2006,NA
IRQ,2007,0.528
IRQ,2008,NA
IRQ,2009,NA
IRQ,2010,0.636
IRQ,2011,NA
IRQ,2012,NA
IRQ,2013,NA
IRQ,2014,0.823
IRQ,2015,0.718
IRQ,2016,0.707
IRQ,2017,0.8
IRQ,2018,0.676
IRQ,2019,0.881
IRQ,2020,0.923
IRQ,2021,0.983
IRQ,2022,1.022
IRQ,2023,NA
IRQ,2024,NA
ISL,2000,3.441
ISL,2001,3.473
ISL,2002,3.578
ISL,2003,3.615
ISL,2004,4.192
ISL,2005,3.612
ISL,2006,3.603
ISL,2007,3.612
ISL,2008,3.641
ISL,2009,3.647
ISL,2010,3.589
ISL,2011,3.504
ISL,2012,3.56
ISL,2013,3.606
ISL,2014,3.643
ISL,2015,3.773
ISL,2016,3.85
ISL,2017,3.872
ISL,2018,3.891
ISL,2019,3.892
ISL,2020,4.318
ISL,2021,4.377
ISL,2022,4.44
ISL,2023,4.373
ISL,2024,NA
ISR,2000,3.697
ISR,2001,3.693
ISR,2002,3.698
ISR,2003,3.699
ISR,2004,3.67
ISR,2005,3.626
ISR,2006,3.593
ISR,2007,3.558
ISR,2008,3.52
ISR,2009,3.526
ISR,2010,3.515
ISR,2011,3.52
ISR,2012,3.503
ISR,2013,3.472
ISR,2014,3.442
ISR,2015,3.431
ISR,2016,3.422
ISR,2017,3.43
ISR,2018,3.477
ISR,2019,3.521
ISR,2020,3.567
ISR,2021,3.636
ISR,2022,3.686
ISR,2023,3.797
ISR,2024,NA
ITA,2000,3.424
ITA,2001,3.487
ITA,2002,9.344
ITA,2003,3.604
ITA,2004,3.667
ITA,2005,3.687
ITA,2006,3.685
ITA,2007,3.752
ITA,2008,3.74
ITA,2009,3.739
ITA,2010,3.763
ITA,2011,3.835
ITA,2012,3.81
ITA,2013,3.873
ITA,2014,3.888
ITA,2015,3.848
ITA,2016,3.963
ITA,2017,3.999
ITA,2018,3.987
ITA,2019,4.024
ITA,2020,3.97
ITA,2021,4.064
ITA,2022,4.191
ITA,2023,NA
ITA,2024,NA
JAM,2000,NA
JAM,2001,NA
JAM,2002,NA
JAM,2003,0.848
JAM,2004,NA
JAM,2005,NA
JAM,2006,NA
JAM,2007,NA
JAM,2008,0.405
JAM,2009,NA
JAM,2010,NA
JAM,2011,NA
JAM,2012,0.363
JAM,2013,0.48
JAM,2014,0.391
JAM,2015,0.428
JAM,2016,0.471
JAM,2017,NA
JAM,2018,0.548
JAM,2019,NA
JAM,2020,NA
JAM,2021,NA
JAM,2022,NA
JAM,2023,0.46
JAM,2024,NA
JOR,2000,1.778
JOR,2001,1.933
JOR,2002,2.086
JOR,2003,2.155
JOR,2004,1.938
JOR,2005,2.141
JOR,2006,2.136
JOR,2007,2.238
JOR,2008,2.085
JOR,2009,2.055
JOR,2010,2.222
JOR,2011,NA
JOR,2012,NA
JOR,2013,2.34
JOR,2014,2.236
JOR,2015,2.726
JOR,2016,NA
JOR,2017,2.222
JOR,2018,NA
JOR,2019,2.519
JOR,2020,NA
JOR,2021,NA
JOR,2022,2.851
JOR,2023,NA
JOR,2024,NA
JPN,2000,1.931
JPN,2001,NA
JPN,2002,1.976
JPN,2003,NA
JPN,2004,2.029
JPN,2005,NA
JPN,2006,2.082
JPN,2007,NA
JPN,2008,2.146
JPN,2009,NA
JPN,2010,2.212
JPN,2011,NA
JPN,2012,2.283
JPN,2013,NA
JPN,2014,2.354
JPN,2015,NA
JPN,2016,2.423
JPN,2017,NA
JPN,2018,2.485
JPN,2019,NA
JPN,2020,2.592
JPN,2021,NA
JPN,2022,2.649
JPN,2023,NA
JPN,2024,NA
KAZ,2000,3.158
KAZ,2001,3.293
KAZ,2002,3.427
KAZ,2003,3.468
KAZ,2004,3.455
KAZ,2005,3.476
KAZ,2006,3.572
KAZ,2007,3.53
KAZ,2008,3.588
KAZ,2009,3.65
KAZ,2010,3.791
KAZ,2011,3.815
KAZ,2012,3.786
KAZ,2013,3.832
KAZ,2014,3.865
KAZ,2015,3.726
KAZ,2016,3.707
KAZ,2017,3.6
KAZ,2018,3.531
KAZ,2019,3.62
KAZ,2020,3.663
KAZ,2021,3.711
KAZ,2022,3.719
KAZ,2023,3.754
KAZ,2024,NA
KEN,2000,NA
KEN,2001,NA
KEN,2002,0.138
KEN,2003,NA
KEN,2004,NA
KEN,2005,NA
KEN,2006,NA
KEN,2007,NA
KEN,2008,0.169
KEN,2009,0.171
KEN,2010,0.171
KEN,2011,0.177
KEN,2012,0.184
KEN,2013,0.193
KEN,2014,0.199
KEN,2015,NA
KEN,2016,NA
KEN,2017,NA
KEN,2018,0.16
KEN,2019,NA
KEN,2020,0.074
KEN,2021,0.098
KEN,2022,0.236
KEN,2023,0.289
KEN,2024,NA
KGZ,2000,1.803
KGZ,2001,1.745
KGZ,2002,2.017
KGZ,2003,2.081
KGZ,2004,1.984
KGZ,2005,2.02
KGZ,2006,1.958
KGZ,2007,1.886
KGZ,2008,1.892
KGZ,2009,1.88
KGZ,2010,1.871
KGZ,2011,1.897
KGZ,2012,1.878
KGZ,2013,1.87
KGZ,2014,1.837
KGZ,2015,1.846
KGZ,2016,1.853
KGZ,2017,1.835
KGZ,2018,1.787
KGZ,2019,1.759
KGZ,2020,1.692
KGZ,2021,1.651
KGZ,2022,1.6
KGZ,2023,1.568
KGZ,2024,NA
KHM,2000,0.164
KHM,2001,NA
KHM,2002,NA
KHM,2003,NA
KHM,2004,NA
KHM,2005,NA
KHM,2006,NA
KHM,2007,NA
KHM,2008,0.241
KHM,2009,0.235
KHM,2010,0.227
KHM,2011,0.224
KHM,2012,0.163
KHM,2013,0.14
KHM,2014,0.167
KHM,2015,0.15
KHM,2016,0.197
KHM,2017,0.195
KHM,2018,0.211
KHM,2019,0.211
KHM,2020,NA
KHM,2021,NA
KHM,2022,NA
KHM,2023,NA
KHM,2024,NA
KIR,2000,NA
KIR,2001,NA
KIR,2002,NA
KIR,2003,NA
KIR,2004,NA
KIR,2005,NA
KIR,2006,NA
KIR,2007,NA
KIR,2008,0.24
KIR,2009,NA
KIR,2010,0.377
KIR,2011,0.136
KIR,2012,NA
KIR,2013,0.193
KIR,2014,NA
KIR,2015,NA
KIR,2016,NA
KIR,2017,NA
KIR,2018,NA
KIR,2019,NA
KIR,2020,NA
KIR,2021,NA
KIR,2022,NA
KIR,2023,NA
KIR,2024,NA
KNA,2000,NA
KNA,2001,1.07
KNA,2002,NA
KNA,2003,NA
KNA,2004,NA
KNA,2005,NA
KNA,2006,NA
KNA,2007,NA
KNA,2008,NA
KNA,2009,NA
KNA,2010,NA
KNA,2011,NA
KNA,2012,NA
KNA,2013,NA
KNA,2014,NA
KNA,2015,2.909
KNA,2016,NA
KNA,2017,NA
KNA,2018,3.085
KNA,2019,NA
KNA,2020,NA
KNA,2021,NA
KNA,2022,NA
KNA,2023,NA
KNA,2024,NA
KOR,2000,1.302
KOR,2001,1.397
KOR,2002,1.5
KOR,2003,1.579
KOR,2004,1.577
KOR,2005,1.637
KOR,2006,1.701
KOR,2007,1.753
KOR,2008,1.872
KOR,2009,1.95
KOR,2010,2.016
KOR,2011,2.063
KOR,2012,2.099
KOR,2013,2.175
KOR,2014,2.21
KOR,2015,2.242
KOR,2016,2.29
KOR,2017,2.343
KOR,2018,2.386
KOR,2019,2.458
KOR,2020,2.507
KOR,2021,2.517
KOR,2022,2.61
KOR,2023,NA
KOR,2024,NA
KWT,2000,NA
KWT,2001,NA
KWT,2002,NA
KWT,2003,1.9
KWT,2004,1.5
KWT,2005,1.8
KWT,2006,1.46
KWT,2007,1.879
KWT,2008,1.884
KWT,2009,1.91
KWT,2010,2.47
KWT,2011,2.484
KWT,2012,2.475
KWT,2013,2.547
KWT,2014,2.67
KWT,2015,2.647
KWT,2016,2.106
KWT,2017,2.106
KWT,2018,2.03
KWT,2019,2.087
KWT,2020,2.273
KWT,2021,NA
KWT,2022,NA
KWT,2023,NA
KWT,2024,NA
LAC,2000,1.6110013495388786
LAC,2001,NA
LAC,2002,NA
LAC,2003,NA
LAC,2004,NA
LAC,2005,NA
LAC,2006,NA
LAC,2007,NA
LAC,2008,NA
LAC,2009,NA
LAC,2010,2.006525443493776
LAC,2011,NA
LAC,2012,NA
LAC,2013,NA
LAC,2014,NA
LAC,2015,NA
LAC,2016,NA
LAC,2017,NA
LAC,2018,NA
LAC,2019,NA
LAC,2020,NA
LAC,2021,NA
LAC,2022,2.584850462740828
LAC,2023,NA
LAC,2024,NA
LAO,2000,0.279
LAO,2001,NA
LAO,2002,NA
LAO,2003,NA
LAO,2004,0.346
LAO,2005,0.267
LAO,2006,NA
LAO,2007,NA
LAO,2008,NA
LAO,2009,0.197
LAO,2010,0.332
LAO,2011,NA
LAO,2012,0.321
LAO,2013,0.326
LAO,2014,0.377
LAO,2015,0.4
LAO,2016,0.371
LAO,2017,0.44
LAO,2018,0.361
LAO,2019,0.363
LAO,2020,0.356
LAO,2021,0.325
LAO,2022,0.331
LAO,2023,NA
LAO,2024,NA
LBN,2000,NA
LBN,2001,2.614
LBN,2002,NA
LBN,2003,NA
LBN,2004,NA
LBN,2005,NA
LBN,2006,2.475
LBN,2007,2.309
LBN,2008,NA
LBN,2009,NA
LBN,2010,2.298
LBN,2011,2.675
LBN,2012,NA
LBN,2013,2.315
LBN,2014,2.045
LBN,2015,2.123
LBN,2016,2.136
LBN,2017,2.242
LBN,2018,2.412
LBN,2019,2.611
LBN,2020,2.68
LBN,2021,NA
LBN,2022,NA
LBN,2023,NA
LBN,2024,NA
LBR,2000,NA
LBR,2001,NA
LBR,2002,NA
LBR,2003,NA
LBR,2004,0.033
LBR,2005,NA
LBR,2006,NA
LBR,2007,NA
LBR,2008,0.013
LBR,2009,0.023
LBR,2010,0.022
LBR,2011,NA
LBR,2012,NA
LBR,2013,NA
LBR,2014,NA
LBR,2015,0.036
LBR,2016,0.049
LBR,2017,0.051
LBR,2018,0.14
LBR,2019,0.145
LBR,2020,0.151
LBR,2021,0.169
LBR,2022,0.178
LBR,2023,NA
LBR,2024,NA
LBY,2000,NA
LBY,2001,NA
LBY,2002,NA
LBY,2003,NA
LBY,2004,1.232
LBY,2005,NA
LBY,2006,NA
LBY,2007,NA
LBY,2008,1.79
LBY,2009,1.886
LBY,2010,NA
LBY,2011,NA
LBY,2012,NA
LBY,2013,NA
LBY,2014,2.037
LBY,2015,1.861
LBY,2016,NA
LBY,2017,2.042
LBY,2018,NA
LBY,2019,NA
LBY,2020,NA
LBY,2021,NA
LBY,2022,NA
LBY,2023,NA
LBY,2024,NA
LCA,2000,NA
LCA,2001,0.819
LCA,2002,0.4391
LCA,2003,0.4673
LCA,2004,0.4203
LCA,2005,0.508
LCA,2006,NA
LCA,2007,NA
LCA,2008,NA
LCA,2009,NA
LCA,2010,1.679
LCA,2011,1.845
LCA,2012,2.19
LCA,2013,2.497
LCA,2014,1.901
LCA,2015,NA
LCA,2016,5.672
LCA,2017,6.245
LCA,2018,6.367
LCA,2019,6.168
LCA,2020,4.234
LCA,2021,NA
LCA,2022,NA
LCA,2023,NA
LCA,2024,NA
LCN,2000,1.6089720502574412
LCN,2001,NA
LCN,2002,NA
LCN,2003,NA
LCN,2004,NA
LCN,2005,NA
LCN,2006,NA
LCN,2007,NA
LCN,2008,NA
LCN,2009,NA
LCN,2010,1.996488804879453
LCN,2011,NA
LCN,2012,NA
LCN,2013,NA
LCN,2014,NA
LCN,2015,NA
LCN,2016,NA
LCN,2017,NA
LCN,2018,NA
LCN,2019,NA
LCN,2020,NA
LCN,2021,NA
LCN,2022,2.574215219405735
LCN,2023,NA
LCN,2024,NA
LDC,2000,0.13470410579404107
LDC,2001,NA
LDC,2002,NA
LDC,2003,NA
LDC,2004,NA
LDC,2005,NA
LDC,2006,NA
LDC,2007,NA
LDC,2008,NA
LDC,2009,NA
LDC,2010,0.19013946886787597
LDC,2011,NA
LDC,2012,NA
LDC,2013,NA
LDC,2014,NA
LDC,2015,NA
LDC,2016,NA
LDC,2017,NA
LDC,2018,NA
LDC,2019,NA
LDC,2020,NA
LDC,2021,NA
LDC,2022,0.3083650191887054
LDC,2023,NA
LDC,2024,NA
LIC,2000,NA
LIC,2001,NA
LIC,2002,NA
LIC,2003,NA
LIC,2004,NA
LIC,2005,NA
LIC,2006,NA
LIC,2007,NA
LIC,2008,NA
LIC,2009,NA
LIC,2010,0.3967871395848591
LIC,2011,NA
LIC,2012,NA
LIC,2013,NA
LIC,2014,NA
LIC,2015,NA
LIC,2016,NA
LIC,2017,NA
LIC,2018,NA
LIC,2019,NA
LIC,2020,NA
LIC,2021,NA
LIC,2022,0.380341544310346
LIC,2023,NA
LIC,2024,NA
LIE,2000,NA
LIE,2001,NA
LIE,2002,NA
LIE,2003,NA
LIE,2004,NA
LIE,2005,NA
LIE,2006,NA
LIE,2007,NA
LIE,2008,NA
LIE,2009,NA
LIE,2010,NA
LIE,2011,NA
LIE,2012,NA
LIE,2013,NA
LIE,2014,NA
LIE,2015,NA
LIE,2016,NA
LIE,2017,NA
LIE,2018,NA
LIE,2019,NA
LIE,2020,NA
LIE,2021,NA
LIE,2022,NA
LIE,2023,NA
LIE,2024,NA
LKA,2000,0.413
LKA,2001,0.428
LKA,2002,NA
LKA,2003,NA
LKA,2004,0.522
LKA,2005,0.504
LKA,2006,0.505
LKA,2007,0.538
LKA,2008,0.605
LKA,2009,0.662
LKA,2010,0.703
LKA,2011,0.718
LKA,2012,0.742
LKA,2013,0.772
LKA,2014,0.807
LKA,2015,0.83
LKA,2016,0.856
LKA,2017,0.887
LKA,2018,0.958
LKA,2019,1.098
LKA,2020,1.167
LKA,2021,1.144
LKA,2022,NA
LKA,2023,1.136
LKA,2024,NA
LMC,2000,NA
LMC,2001,NA
LMC,2002,NA
LMC,2003,NA
LMC,2004,NA
LMC,2005,NA
LMC,2006,NA
LMC,2007,NA
LMC,2008,NA
LMC,2009,NA
LMC,2010,NA
LMC,2011,NA
LMC,2012,NA
LMC,2013,NA
LMC,2014,NA
LMC,2015,NA
LMC,2016,NA
LMC,2017,NA
LMC,2018,NA
LMC,2019,NA
LMC,2020,NA
LMC,2021,NA
LMC,2022,0.7336391537179606
LMC,2023,NA
LMC,2024,NA
LMY,2000,NA
LMY,2001,NA
LMY,2002,NA
LMY,2003,NA
LMY,2004,NA
LMY,2005,NA
LMY,2006,NA
LMY,2007,NA
LMY,2008,NA
LMY,2009,NA
LMY,2010,1.1010167596369618
LMY,2011,NA
LMY,2012,NA
LMY,2013,NA
LMY,2014,NA
LMY,2015,NA
LMY,2016,NA
LMY,2017,NA
LMY,2018,NA
LMY,2019,NA
LMY,2020,NA
LMY,2021,NA
LMY,2022,1.487493901226803
LMY,2023,NA
LMY,2024,NA
LSO,2000,NA
LSO,2001,NA
LSO,2002,NA
LSO,2003,0.045
LSO,2004,NA
LSO,2005,NA
LSO,2006,NA
LSO,2007,NA
LSO,2008,NA
LSO,2009,NA
LSO,2010,0.069
LSO,2011,NA
LSO,2012,NA
LSO,2013,NA
LSO,2014,NA
LSO,2015,NA
LSO,2016,NA
LSO,2017,NA
LSO,2018,0.457
LSO,2019,NA
LSO,2020,NA
LSO,2021,NA
LSO,2022,0.235
LSO,2023,NA
LSO,2024,NA
LTE,2000,1.5118036158882282
LTE,2001,NA
LTE,2002,NA
LTE,2003,NA
LTE,2004,NA
LTE,2005,NA
LTE,2006,NA
LTE,2007,NA
LTE,2008,NA
LTE,2009,NA
LTE,2010,1.7562362697647105
LTE,2011,NA
LTE,2012,NA
LTE,2013,NA
LTE,2014,NA
LTE,2015,NA
LTE,2016,NA
LTE,2017,NA
LTE,2018,NA
LTE,2019,NA
LTE,2020,NA
LTE,2021,NA
LTE,2022,2.9396581836512268
LTE,2023,NA
LTE,2024,NA
LTU,2000,3.626
LTU,2001,3.628
LTU,2002,3.702
LTU,2003,3.669
LTU,2004,3.627
LTU,2005,3.721
LTU,2006,3.791
LTU,2007,3.884
LTU,2008,3.881
LTU,2009,3.854
LTU,2010,3.947
LTU,2011,4.097
LTU,2012,4.218
LTU,2013,4.276
LTU,2014,4.306
LTU,2015,4.338
LTU,2016,4.466
LTU,2017,4.555
LTU,2018,4.596
LTU,2019,4.568
LTU,2020,4.481
LTU,2021,4.485
LTU,2022,4.466
LTU,2023,NA
LTU,2024,NA
LUX,2000,2.151
LUX,2001,2.209
LUX,2002,2.256
LUX,2003,2.377
LUX,2004,2.422
LUX,2005,2.557
LUX,2006,2.605
LUX,2007,2.711
LUX,2008,2.716
LUX,2009,2.708
LUX,2010,2.771
LUX,2011,2.777
LUX,2012,2.807
LUX,2013,2.83
LUX,2014,2.882
LUX,2015,2.908
LUX,2016,2.884
LUX,2017,2.984
LUX,2018,NA
LUX,2019,NA
LUX,2020,NA
LUX,2021,NA
LUX,2022,NA
LUX,2023,NA
LUX,2024,NA
LVA,2000,2.879
LVA,2001,2.686
LVA,2002,2.788
LVA,2003,2.83
LVA,2004,2.916
LVA,2005,2.959
LVA,2006,3.028
LVA,2007,3.143
LVA,2008,3.233
LVA,2009,3.153
LVA,2010,3.107
LVA,2011,3.134
LVA,2012,3.144
LVA,2013,3.19
LVA,2014,3.216
LVA,2015,3.197
LVA,2016,3.212
LVA,2017,3.205
LVA,2018,3.303
LVA,2019,3.267
LVA,2020,3.338
LVA,2021,3.356
LVA,2022,3.398
LVA,2023,NA
LVA,2024,NA
MAC,2000,NA
MAC,2001,NA
MAC,2002,NA
MAC,2003,NA
MAC,2004,NA
MAC,2005,NA
MAC,2006,NA
MAC,2007,NA
MAC,2008,NA
MAC,2009,NA
MAC,2010,NA
MAC,2011,NA
MAC,2012,NA
MAC,2013,NA
MAC,2014,NA
MAC,2015,NA
MAC,2016,NA
MAC,2017,NA
MAC,2018,NA
MAC,2019,NA
MAC,2020,NA
MAC,2021,NA
MAC,2022,NA
MAC,2023,NA
MAC,2024,NA
MAF,2000,NA
MAF,2001,NA
MAF,2002,NA
MAF,2003,NA
MAF,2004,NA
MAF,2005,NA
MAF,2006,NA
MAF,2007,NA
MAF,2008,NA
MAF,2009,NA
MAF,2010,NA
MAF,2011,NA
MAF,2012,NA
MAF,2013,NA
MAF,2014,NA
MAF,2015,NA
MAF,2016,NA
MAF,2017,NA
MAF,2018,NA
MAF,2019,NA
MAF,2020,NA
MAF,2021,NA
MAF,2022,NA
MAF,2023,NA
MAF,2024,NA
MAR,2000,NA
MAR,2001,0.483
MAR,2002,NA
MAR,2003,NA
MAR,2004,0.534
MAR,2005,NA
MAR,2006,NA
MAR,2007,0.586
MAR,2008,NA
MAR,2009,0.646
MAR,2010,NA
MAR,2011,NA
MAR,2012,NA
MAR,2013,0.631
MAR,2014,0.913
MAR,2015,NA
MAR,2016,NA
MAR,2017,0.734
MAR,2018,NA
MAR,2019,NA
MAR,2020,NA
MAR,2021,0.74
MAR,2022,NA
MAR,2023,NA
MAR,2024,NA
MCO,2000,NA
MCO,2001,NA
MCO,2002,NA
MCO,2003,NA
MCO,2004,NA
MCO,2005,NA
MCO,2006,NA
MCO,2007,NA
MCO,2008,NA
MCO,2009,NA
MCO,2010,NA
MCO,2011,7.375
MCO,2012,7.32
MCO,2013,8.107
MCO,2014,7.756
MCO,2015,NA
MCO,2016,NA
MCO,2017,NA
MCO,2018,8.298
MCO,2019,8.609
MCO,2020,8.609
MCO,2021,NA
MCO,2022,NA
MCO,2023,NA
MCO,2024,NA
MDA,2000,2.437
MDA,2001,2.291
MDA,2002,2.33
MDA,2003,2.326
MDA,2004,2.247
MDA,2005,2.515
MDA,2006,2.573
MDA,2007,2.62
MDA,2008,2.623
MDA,2009,2.709
MDA,2010,2.743
MDA,2011,2.828
MDA,2012,2.889
MDA,2013,3.06
MDA,2014,3.091
MDA,2015,3.159
MDA,2016,3.239
MDA,2017,3.285
MDA,2018,3.204
MDA,2019,4.033
MDA,2020,4.038
MDA,2021,4.039
MDA,2022,4.145
MDA,2023,4.016
MDA,2024,NA
MDG,2000,NA
MDG,2001,0.087
MDG,2002,0.13
MDG,2003,0.141
MDG,2004,0.149
MDG,2005,0.172
MDG,2006,0.163
MDG,2007,0.173
MDG,2008,0.178
MDG,2009,0.173
MDG,2010,0.186
MDG,2011,0.137
MDG,2012,0.136
MDG,2013,0.146
MDG,2014,0.173
MDG,2015,NA
MDG,2016,NA
MDG,2017,NA
MDG,2018,0.195
MDG,2019,NA
MDG,2020,NA
MDG,2021,NA
MDG,2022,0.172
MDG,2023,NA
MDG,2024,NA
MDV,2000,NA
MDV,2001,NA
MDV,2002,NA
MDV,2003,NA
MDV,2004,1.002
MDV,2005,NA
MDV,2006,NA
MDV,2007,1.701
MDV,2008,NA
MDV,2009,1.51
MDV,2010,1.455
MDV,2011,NA
MDV,2012,NA
MDV,2013,NA
MDV,2014,1.862
MDV,2015,NA
MDV,2016,1.32
MDV,2017,1.894
MDV,2018,1.862
MDV,2019,2.235
MDV,2020,NA
MDV,2021,NA
MDV,2022,NA
MDV,2023,NA
MDV,2024,NA
MEA,2000,0.8368728816398608
MEA,2001,NA
MEA,2002,NA
MEA,2003,NA
MEA,2004,NA
MEA,2005,NA
MEA,2006,NA
MEA,2007,NA
MEA,2008,NA
MEA,2009,NA
MEA,2010,0.95570555441206
MEA,2011,NA
MEA,2012,NA
MEA,2013,NA
MEA,2014,NA
MEA,2015,NA
MEA,2016,NA
MEA,2017,NA
MEA,2018,NA
MEA,2019,NA
MEA,2020,NA
MEA,2021,NA
MEA,2022,1.2987837772274746
MEA,2023,NA
MEA,2024,NA
MEX,2000,1.631
MEX,2001,1.519
MEX,2002,1.529
MEX,2003,1.58
MEX,2004,1.655
MEX,2005,1.768
MEX,2006,1.886
MEX,2007,1.929
MEX,2008,1.957
MEX,2009,1.987
MEX,2010,2.007
MEX,2011,2.109
MEX,2012,2.12
MEX,2013,2.164
MEX,2014,2.237
MEX,2015,2.34
MEX,2016,2.345
MEX,2017,2.409
MEX,2018,2.456
MEX,2019,2.46
MEX,2020,2.425
MEX,2021,2.541
MEX,2022,2.588
MEX,2023,NA
MEX,2024,NA
MHL,2000,0.471
MHL,2001,NA
MHL,2002,NA
MHL,2003,NA
MHL,2004,NA
MHL,2005,NA
MHL,2006,NA
MHL,2007,0.596
MHL,2008,NA
MHL,2009,NA
MHL,2010,0.615
MHL,2011,0.636
MHL,2012,0.467
MHL,2013,NA
MHL,2014,NA
MHL,2015,NA
MHL,2016,NA
MHL,2017,NA
MHL,2018,NA
MHL,2019,NA
MHL,2020,NA
MHL,2021,NA
MHL,2022,NA
MHL,2023,NA
MHL,2024,NA
MIC,2000,1.1224424947701621
MIC,2001,NA
MIC,2002,NA
MIC,2003,NA
MIC,2004,NA
MIC,2005,NA
MIC,2006,NA
MIC,2007,NA
MIC,2008,NA
MIC,2009,NA
MIC,2010,1.179492979505932
MIC,2011,NA
MIC,2012,NA
MIC,2013,NA
MIC,2014,NA
MIC,2015,NA
MIC,2016,NA
MIC,2017,NA
MIC,2018,NA
MIC,2019,NA
MIC,2020,NA
MIC,2021,NA
MIC,2022,1.5961873589232416
MIC,2023,NA
MIC,2024,NA
MKD,2000,2.166
MKD,2001,2.158
MKD,2002,2.204
MKD,2003,2.137
MKD,2004,2.152
MKD,2005,2.102
MKD,2006,2.483
MKD,2007,2.427
MKD,2008,2.59
MKD,2009,2.603
MKD,2010,2.701
MKD,2011,2.769
MKD,2012,2.839
MKD,2013,2.883
MKD,2014,3.021
MKD,2015,3.017
MKD,2016,3.166
MKD,2017,3.204
MKD,2018,3.315
MKD,2019,3.409
MKD,2020,3.343
MKD,2021,NA
MKD,2022,2.944
MKD,2023,NA
MKD,2024,NA
MLI,2000,0.044
MLI,2001,NA
MLI,2002,NA
MLI,2003,NA
MLI,2004,0.055
MLI,2005,0.06
MLI,2006,0.057
MLI,2007,0.06
MLI,2008,0.063
MLI,2009,0.116
MLI,2010,0.096
MLI,2011,0.111
MLI,2012,0.101
MLI,2013,0.113
MLI,2014,0.097
MLI,2015,0.094
MLI,2016,0.117
MLI,2017,0.113
MLI,2018,0.12
MLI,2019,NA
MLI,2020,NA
MLI,2021,NA
MLI,2022,0.191
MLI,2023,0.188
MLI,2024,NA
MLT,2000,2.561
MLT,2001,3.031
MLT,2002,3.21
MLT,2003,3.072
MLT,2004,3.369
MLT,2005,3.404
MLT,2006,3.764
MLT,2007,3.253
MLT,2008,3.279
MLT,2009,2.987
MLT,2010,3.026
MLT,2011,3.107
MLT,2012,3.237
MLT,2013,3.421
MLT,2014,3.604
MLT,2015,3.676
MLT,2016,3.828
MLT,2017,3.965
MLT,2018,3.972
MLT,2019,4.026
MLT,2020,4.164
MLT,2021,4.294
MLT,2022,4.513
MLT,2023,NA
MLT,2024,NA
MMR,2000,0.302
MMR,2001,NA
MMR,2002,NA
MMR,2003,NA
MMR,2004,0.378
MMR,2005,0.392
MMR,2006,0.429
MMR,2007,0.453
MMR,2008,0.49
MMR,2009,0.504
MMR,2010,0.539
MMR,2011,0.568
MMR,2012,0.599
MMR,2013,NA
MMR,2014,NA
MMR,2015,NA
MMR,2016,0.638
MMR,2017,0.889
MMR,2018,0.696
MMR,2019,0.757
MMR,2020,NA
MMR,2021,NA
MMR,2022,NA
MMR,2023,NA
MMR,2024,NA
MNA,2000,0.767982340767799
MNA,2001,NA
MNA,2002,NA
MNA,2003,NA
MNA,2004,NA
MNA,2005,NA
MNA,2006,NA
MNA,2007,NA
MNA,2008,NA
MNA,2009,NA
MNA,2010,NA
MNA,2011,NA
MNA,2012,NA
MNA,2013,NA
MNA,2014,NA
MNA,2015,NA
MNA,2016,NA
MNA,2017,NA
MNA,2018,NA
MNA,2019,NA
MNA,2020,NA
MNA,2021,NA
MNA,2022,1.1286223070965629
MNA,2023,NA
MNA,2024,NA
MNE,2000,1.823
MNE,2001,1.85
MNE,2002,1.84
MNE,2003,1.798
MNE,2004,1.879
MNE,2005,1.897
MNE,2006,1.942
MNE,2007,1.947
MNE,2008,2.073
MNE,2009,2.072
MNE,2010,2.019
MNE,2011,1.99
MNE,2012,2.014
MNE,2013,2.129
MNE,2014,2.17
MNE,2015,2.372
MNE,2016,2.589
MNE,2017,2.675
MNE,2018,2.809
MNE,2019,2.792
MNE,2020,2.831
MNE,2021,2.878
MNE,2022,2.808
MNE,2023,2.783
MNE,2024,NA
MNG,2000,2.647
MNG,2001,2.68
MNG,2002,2.729
MNG,2003,2.632
MNG,2004,2.592
MNG,2005,2.648
MNG,2006,2.739
MNG,2007,2.813
MNG,2008,2.879
MNG,2009,2.679
MNG,2010,2.775
MNG,2011,2.893
MNG,2012,3.075
MNG,2013,3.125
MNG,2014,3.193
MNG,2015,3.243
MNG,2016,3.289
MNG,2017,3.407
MNG,2018,3.526
MNG,2019,3.647
MNG,2020,3.778
MNG,2021,3.884
MNG,2022,4.13
MNG,2023,NA
MNG,2024,NA
MNP,2000,NA
MNP,2001,NA
MNP,2002,NA
MNP,2003,NA
MNP,2004,NA
MNP,2005,NA
MNP,2006,NA
MNP,2007,NA
MNP,2008,NA
MNP,2009,NA
MNP,2010,NA
MNP,2011,NA
MNP,2012,NA
MNP,2013,NA
MNP,2014,NA
MNP,2015,NA
MNP,2016,NA
MNP,2017,NA
MNP,2018,NA
MNP,2019,NA
MNP,2020,NA
MNP,2021,NA
MNP,2022,NA
MNP,2023,NA
MNP,2024,NA
MOZ,2000,0.024
MOZ,2001,NA
MOZ,2002,NA
MOZ,2003,NA
MOZ,2004,0.026
MOZ,2005,NA
MOZ,2006,0.026
MOZ,2007,NA
MOZ,2008,NA
MOZ,2009,0.047
MOZ,2010,0.05
MOZ,2011,0.054
MOZ,2012,0.056
MOZ,2013,0.058
MOZ,2014,NA
MOZ,2015,NA
MOZ,2016,NA
MOZ,2017,0.077
MOZ,2018,0.085
MOZ,2019,0.086
MOZ,2020,0.084
MOZ,2021,0.082
MOZ,2022,0.175
MOZ,2023,NA
MOZ,2024,NA
MRT,2000,NA
MRT,2001,NA
MRT,2002,NA
MRT,2003,NA
MRT,2004,0.109
MRT,2005,NA
MRT,2006,NA
MRT,2007,NA
MRT,2008,NA
MRT,2009,0.136
MRT,2010,0.161
MRT,2011,NA
MRT,2012,NA
MRT,2013,NA
MRT,2014,0.162
MRT,2015,0.175
MRT,2016,NA
MRT,2017,0.188
MRT,2018,0.196
MRT,2019,0.201
MRT,2020,0.203
MRT,2021,0.219
MRT,2022,0.261
MRT,2023,NA
MRT,2024,NA
MUS,2000,0.888
MUS,2001,0.903
MUS,2002,0.961
MUS,2003,0.944
MUS,2004,1.043
MUS,2005,1.068
MUS,2006,1.108
MUS,2007,1.123
MUS,2008,1.138
MUS,2009,1.153
MUS,2010,1.169
MUS,2011,1.407
MUS,2012,1.336
MUS,2013,1.585
MUS,2014,1.88
MUS,2015,1.973
MUS,2016,2.144
MUS,2017,2.268
MUS,2018,1.858
MUS,2019,2.558
MUS,2020,2.689
MUS,2021,NA
MUS,2022,1.436
MUS,2023,NA
MUS,2024,NA
MWI,2000,NA
MWI,2001,NA
MWI,2002,NA
MWI,2003,0.021
MWI,2004,0.021
MWI,2005,NA
MWI,2006,NA
MWI,2007,NA
MWI,2008,0.018
MWI,2009,0.018
MWI,2010,NA
MWI,2011,NA
MWI,2012,NA
MWI,2013,0.012
MWI,2014,NA
MWI,2015,NA
MWI,2016,0.031
MWI,2017,NA
MWI,2018,0.15
MWI,2019,NA
MWI,2020,0.049
MWI,2021,NA
MWI,2022,0.054
MWI,2023,NA
MWI,2024,NA
MYS,2000,0.68
MYS,2001,0.686
MYS,2002,0.724
MYS,2003,0.737
MYS,2004,0.722
MYS,2005,0.778
MYS,2006,0.83
MYS,2007,0.879
MYS,2008,0.911
MYS,2009,1.086
MYS,2010,1.151
MYS,2011,1.255
MYS,2012,1.305
MYS,2013,1.555
MYS,2014,1.484
MYS,2015,1.489
MYS,2016,1.576
MYS,2017,1.787
MYS,2018,1.858
MYS,2019,2.021
MYS,2020,2.183
MYS,2021,2.268
MYS,2022,2.29
MYS,2023,2.341
MYS,2024,NA
NAC,2000,2.5264674979769177
NAC,2001,NA
NAC,2002,NA
NAC,2003,NA
NAC,2004,NA
NAC,2005,NA
NAC,2006,NA
NAC,2007,NA
NAC,2008,NA
NAC,2009,NA
NAC,2010,NA
NAC,2011,NA
NAC,2012,NA
NAC,2013,NA
NAC,2014,NA
NAC,2015,NA
NAC,2016,NA
NAC,2017,NA
NAC,2018,NA
NAC,2019,NA
NAC,2020,NA
NAC,2021,NA
NAC,2022,3.5910080917432943
NAC,2023,NA
NAC,2024,NA
NAM,2000,NA
NAM,2001,NA
NAM,2002,NA
NAM,2003,NA
NAM,2004,0.308
NAM,2005,NA
NAM,2006,NA
NAM,2007,0.383
NAM,2008,NA
NAM,2009,NA
NAM,2010,NA
NAM,2011,NA
NAM,2012,NA
NAM,2013,NA
NAM,2014,NA
NAM,2015,NA
NAM,2016,NA
NAM,2017,0.567
NAM,2018,0.335
NAM,2019,0.368
NAM,2020,0.38
NAM,2021,0.42
NAM,2022,0.553
NAM,2023,NA
NAM,2024,NA
NCL,2000,NA
NCL,2001,NA
NCL,2002,NA
NCL,2003,NA
NCL,2004,NA
NCL,2005,NA
NCL,2006,NA
NCL,2007,NA
NCL,2008,NA
NCL,2009,NA
NCL,2010,NA
NCL,2011,NA
NCL,2012,NA
NCL,2013,NA
NCL,2014,NA
NCL,2015,NA
NCL,2016,NA
NCL,2017,NA
NCL,2018,NA
NCL,2019,NA
NCL,2020,NA
NCL,2021,NA
NCL,2022,NA
NCL,2023,NA
NCL,2024,NA
NER,2000,NA
NER,2001,NA
NER,2002,0.033
NER,2003,NA
NER,2004,0.022
NER,2005,NA
NER,2006,NA
NER,2007,NA
NER,2008,0.019
NER,2009,0.028
NER,2010,NA
NER,2011,NA
NER,2012,0.053
NER,2013,0.051
NER,2014,0.027
NER,2015,0.032
NER,2016,0.033
NER,2017,0.022
NER,2018,0.037
NER,2019,0.039
NER,2020,0.035
NER,2021,NA
NER,2022,0.028
NER,2023,0.038
NER,2024,NA
NGA,2000,0.269
NGA,2001,NA
NGA,2002,NA
NGA,2003,0.255
NGA,2004,NA
NGA,2005,0.27
NGA,2006,0.333
NGA,2007,0.361
NGA,2008,0.359
NGA,2009,0.36
NGA,2010,NA
NGA,2011,NA
NGA,2012,NA
NGA,2013,0.363
NGA,2014,NA
NGA,2015,NA
NGA,2016,0.428
NGA,2017,NA
NGA,2018,0.364
NGA,2019,0.356
NGA,2020,NA
NGA,2021,0.386
NGA,2022,0.386
NGA,2023,0.38
NGA,2024,NA
NIC,2000,NA
NIC,2001,NA
NIC,2002,NA
NIC,2003,0.392
NIC,2004,NA
NIC,2005,0.509
NIC,2006,0.501
NIC,2007,0.535
NIC,2008,0.659
NIC,2009,0.714
NIC,2010,0.739
NIC,2011,0.825
NIC,2012,0.872
NIC,2013,0.91
NIC,2014,0.906
NIC,2015,0.942
NIC,2016,0.965
NIC,2017,1
NIC,2018,0.682
NIC,2019,NA
NIC,2020,NA
NIC,2021,NA
NIC,2022,NA
NIC,2023,NA
NIC,2024,NA
NLD,2000,2.423
NLD,2001,2.494
NLD,2002,2.553
NLD,2003,2.594
NLD,2004,2.625
NLD,2005,2.684
NLD,2006,2.77
NLD,2007,2.768
NLD,2008,2.844
NLD,2009,2.896
NLD,2010,2.936
NLD,2011,3.103
NLD,2012,3.223
NLD,2013,3.282
NLD,2014,3.392
NLD,2015,3.457
NLD,2016,3.501
NLD,2017,3.565
NLD,2018,3.632
NLD,2019,3.713
NLD,2020,3.805
NLD,2021,3.875
NLD,2022,3.876
NLD,2023,NA
NLD,2024,NA
NOR,2000,3.38
NOR,2001,3.54
NOR,2002,3.218
NOR,2003,3.23
NOR,2004,3.401
NOR,2005,3.563
NOR,2006,3.732
NOR,2007,3.844
NOR,2008,3.955
NOR,2009,4.048
NOR,2010,4.114
NOR,2011,4.188
NOR,2012,4.232
NOR,2013,4.306
NOR,2014,4.429
NOR,2015,4.091
NOR,2016,4.22
NOR,2017,4.346
NOR,2018,4.466
NOR,2019,4.578
NOR,2020,4.682
NOR,2021,4.768
NOR,2022,4.908
NOR,2023,4.975
NOR,2024,NA
NPL,2000,NA
NPL,2001,0.052
NPL,2002,NA
NPL,2003,NA
NPL,2004,0.207
NPL,2005,NA
NPL,2006,NA
NPL,2007,NA
NPL,2008,NA
NPL,2009,NA
NPL,2010,NA
NPL,2011,NA
NPL,2012,0.506
NPL,2013,0.55
NPL,2014,NA
NPL,2015,NA
NPL,2016,NA
NPL,2017,0.681
NPL,2018,0.749
NPL,2019,0.815
NPL,2020,0.857
NPL,2021,0.884
NPL,2022,NA
NPL,2023,1.011
NPL,2024,NA
NRU,2000,NA
NRU,2001,NA
NRU,2002,NA
NRU,2003,NA
NRU,2004,0.99
NRU,2005,NA
NRU,2006,NA
NRU,2007,NA
NRU,2008,1
NRU,2009,1
NRU,2010,1.1
NRU,2011,1.386
NRU,2012,NA
NRU,2013,NA
NRU,2014,NA
NRU,2015,1.273
NRU,2016,NA
NRU,2017,NA
NRU,2018,NA
NRU,2019,NA
NRU,2020,NA
NRU,2021,NA
NRU,2022,NA
NRU,2023,NA
NRU,2024,NA
NZL,2000,2.233
NZL,2001,2.182
NZL,2002,2.124
NZL,2003,2.177
NZL,2004,2.19
NZL,2005,2.105
NZL,2006,2.273
NZL,2007,2.298
NZL,2008,2.463
NZL,2009,2.58
NZL,2010,2.625
NZL,2011,2.655
NZL,2012,2.713
NZL,2013,2.822
NZL,2014,2.889
NZL,2015,3.031
NZL,2016,3.115
NZL,2017,3.253
NZL,2018,3.311
NZL,2019,3.37
NZL,2020,3.442
NZL,2021,3.531
NZL,2022,3.611
NZL,2023,NA
NZL,2024,NA
OED,2000,2.3952140732296
OED,2001,NA
OED,2002,NA
OED,2003,NA
OED,2004,NA
OED,2005,NA
OED,2006,NA
OED,2007,NA
OED,2008,NA
OED,2009,NA
OED,2010,2.729381353244366
OED,2011,NA
OED,2012,NA
OED,2013,NA
OED,2014,NA
OED,2015,NA
OED,2016,NA
OED,2017,NA
OED,2018,NA
OED,2019,NA
OED,2020,NA
OED,2021,NA
OED,2022,3.4295865778435455
OED,2023,NA
OED,2024,NA
OMN,2000,1.428
OMN,2001,1.47
OMN,2002,1.513
OMN,2003,1.576
OMN,2004,1.61
OMN,2005,1.7
OMN,2006,1.821
OMN,2007,1.91
OMN,2008,1.978
OMN,2009,2.072
OMN,2010,2.126
OMN,2011,2.057
OMN,2012,1.989
OMN,2013,2.001
OMN,2014,2.162
OMN,2015,2.13
OMN,2016,1.964
OMN,2017,2.013
OMN,2018,2.104
OMN,2019,2.091
OMN,2020,2.003
OMN,2021,2.006
OMN,2022,1.992
OMN,2023,NA
OMN,2024,NA
OSS,2000,1.4191870861750586
OSS,2001,NA
OSS,2002,NA
OSS,2003,NA
OSS,2004,NA
OSS,2005,NA
OSS,2006,NA
OSS,2007,NA
OSS,2008,NA
OSS,2009,NA
OSS,2010,1.3975516011188738
OSS,2011,NA
OSS,2012,NA
OSS,2013,NA
OSS,2014,NA
OSS,2015,NA
OSS,2016,NA
OSS,2017,NA
OSS,2018,NA
OSS,2019,NA
OSS,2020,NA
OSS,2021,NA
OSS,2022,1.8289046808785412
OSS,2023,NA
OSS,2024,NA
PAK,2000,0.593
PAK,2001,0.604
PAK,2002,NA
PAK,2003,NA
PAK,2004,0.679
PAK,2005,0.72
PAK,2006,NA
PAK,2007,0.693
PAK,2008,0.707
PAK,2009,0.718
PAK,2010,0.727
PAK,2011,0.748
PAK,2012,0.775
PAK,2013,0.795
PAK,2014,0.818
PAK,2015,0.85
PAK,2016,0.89
PAK,2017,0.932
PAK,2018,0.917
PAK,2019,1.049
PAK,2020,NA
PAK,2021,1.16
PAK,2022,NA
PAK,2023,NA
PAK,2024,NA
PAN,2000,NA
PAN,2001,1.252
PAN,2002,1.343
PAN,2003,1.348
PAN,2004,1.329
PAN,2005,1.355
PAN,2006,1.356
PAN,2007,1.309
PAN,2008,1.387
PAN,2009,1.315
PAN,2010,1.411
PAN,2011,1.503
PAN,2012,1.603
PAN,2013,1.586
PAN,2014,1.588
PAN,2015,1.579
PAN,2016,1.573
PAN,2017,1.589
PAN,2018,1.609
PAN,2019,1.637
PAN,2020,1.63
PAN,2021,1.737
PAN,2022,1.625
PAN,2023,NA
PAN,2024,NA
PER,2000,NA
PER,2001,NA
PER,2002,NA
PER,2003,NA
PER,2004,NA
PER,2005,NA
PER,2006,NA
PER,2007,1.653
PER,2008,NA
PER,2009,0.944
PER,2010,NA
PER,2011,NA
PER,2012,1.139
PER,2013,NA
PER,2014,NA
PER,2015,NA
PER,2016,1.307
PER,2017,NA
PER,2018,1.373
PER,2019,1.354
PER,2020,1.436
PER,2021,1.673
PER,2022,1.649
PER,2023,1.688
PER,2024,NA
PHL,2000,1.194
PHL,2001,1.194
PHL,2002,1.088
PHL,2003,1.201
PHL,2004,1.086
PHL,2005,1.205
PHL,2006,1.214
PHL,2007,1.221
PHL,2008,1.232
PHL,2009,1.237
PHL,2010,0.543
PHL,2011,0.554
PHL,2012,0.564
PHL,2013,0.574
PHL,2014,0.589
PHL,2015,0.609
PHL,2016,0.631
PHL,2017,0.66
PHL,2018,0.695
PHL,2019,0.732
PHL,2020,0.752
PHL,2021,0.792
PHL,2022,NA
PHL,2023,NA
PHL,2024,NA
PLW,2000,NA
PLW,2001,NA
PLW,2002,NA
PLW,2003,NA
PLW,2004,NA
PLW,2005,NA
PLW,2006,1.327
PLW,2007,NA
PLW,2008,NA
PLW,2009,1.551
PLW,2010,1.576
PLW,2011,NA
PLW,2012,NA
PLW,2013,NA
PLW,2014,1.412
PLW,2015,NA
PLW,2016,NA
PLW,2017,1.91
PLW,2018,1.573
PLW,2019,2.191
PLW,2020,1.798
PLW,2021,2.809
PLW,2022,2.472
PLW,2023,1.808
PLW,2024,NA
PNG,2000,0.05
PNG,2001,NA
PNG,2002,NA
PNG,2003,NA
PNG,2004,NA
PNG,2005,NA
PNG,2006,NA
PNG,2007,NA
PNG,2008,0.046
PNG,2009,NA
PNG,2010,0.049
PNG,2011,NA
PNG,2012,NA
PNG,2013,NA
PNG,2014,NA
PNG,2015,NA
PNG,2016,NA
PNG,2017,NA
PNG,2018,0.064
PNG,2019,0.06
PNG,2020,NA
PNG,2021,0.063
PNG,2022,NA
PNG,2023,0.061
PNG,2024,NA
POL,2000,2.223
POL,2001,2.267
POL,2002,2.304
POL,2003,2.434
POL,2004,2.291
POL,2005,2.14
POL,2006,2.183
POL,2007,2.197
POL,2008,2.169
POL,2009,2.179
POL,2010,2.184
POL,2011,2.204
POL,2012,2.223
POL,2013,2.228
POL,2014,2.292
POL,2015,2.311
POL,2016,2.397
POL,2017,2.36
POL,2018,2.341
POL,2019,3.279
POL,2020,3.303
POL,2021,3.415
POL,2022,3.424
POL,2023,4.031
POL,2024,NA
PRE,2000,0.1746846063002871
PRE,2001,NA
PRE,2002,NA
PRE,2003,NA
PRE,2004,NA
PRE,2005,NA
PRE,2006,NA
PRE,2007,NA
PRE,2008,NA
PRE,2009,NA
PRE,2010,0.19126651303136277
PRE,2011,NA
PRE,2012,NA
PRE,2013,NA
PRE,2014,NA
PRE,2015,NA
PRE,2016,NA
PRE,2017,NA
PRE,2018,NA
PRE,2019,NA
PRE,2020,NA
PRE,2021,NA
PRE,2022,0.2647312805293431
PRE,2023,NA
PRE,2024,NA
PRI,2000,NA
PRI,2001,NA
PRI,2002,NA
PRI,2003,NA
PRI,2004,NA
PRI,2005,NA
PRI,2006,NA
PRI,2007,NA
PRI,2008,NA
PRI,2009,NA
PRI,2010,NA
PRI,2011,NA
PRI,2012,NA
PRI,2013,NA
PRI,2014,NA
PRI,2015,NA
PRI,2016,NA
PRI,2017,NA
PRI,2018,NA
PRI,2019,NA
PRI,2020,NA
PRI,2021,NA
PRI,2022,NA
PRI,2023,NA
PRI,2024,NA
PRK,2000,NA
PRK,2001,NA
PRK,2002,NA
PRK,2003,3.097
PRK,2004,NA
PRK,2005,NA
PRK,2006,NA
PRK,2007,NA
PRK,2008,3.228
PRK,2009,NA
PRK,2010,NA
PRK,2011,NA
PRK,2012,3.39
PRK,2013,NA
PRK,2014,3.451
PRK,2015,NA
PRK,2016,3.645
PRK,2017,3.628
PRK,2018,NA
PRK,2019,NA
PRK,2020,NA
PRK,2021,NA
PRK,2022,NA
PRK,2023,NA
PRK,2024,NA
PRT,2000,3.207
PRT,2001,3.258
PRT,2002,3.291
PRT,2003,3.342
PRT,2004,3.417
PRT,2005,3.502
PRT,2006,3.572
PRT,2007,3.657
PRT,2008,3.752
PRT,2009,3.858
PRT,2010,3.982
PRT,2011,4.123
PRT,2012,4.241
PRT,2013,4.399
PRT,2014,4.562
PRT,2015,4.748
PRT,2016,4.93
PRT,2017,5.103
PRT,2018,5.276
PRT,2019,5.422
PRT,2020,5.576
PRT,2021,5.711
PRT,2022,5.851
PRT,2023,NA
PRT,2024,NA
PRY,2000,1.17
PRY,2001,NA
PRY,2002,1.208
PRY,2003,NA
PRY,2004,NA
PRY,2005,NA
PRY,2006,NA
PRY,2007,NA
PRY,2008,NA
PRY,2009,NA
PRY,2010,NA
PRY,2011,NA
PRY,2012,1.391
PRY,2013,NA
PRY,2014,NA
PRY,2015,NA
PRY,2016,NA
PRY,2017,NA
PRY,2018,1.466
PRY,2019,NA
PRY,2020,1.296
PRY,2021,3.252
PRY,2022,3.893
PRY,2023,NA
PRY,2024,NA
PSE,2000,NA
PSE,2001,0.837
PSE,2002,NA
PSE,2003,NA
PSE,2004,NA
PSE,2005,NA
PSE,2006,NA
PSE,2007,NA
PSE,2008,NA
PSE,2009,NA
PSE,2010,NA
PSE,2011,NA
PSE,2012,NA
PSE,2013,NA
PSE,2014,NA
PSE,2015,NA
PSE,2016,NA
PSE,2017,1.774
PSE,2018,2.168
PSE,2019,NA
PSE,2020,NA
PSE,2021,NA
PSE,2022,NA
PSE,2023,NA
PSE,2024,NA
PSS,2000,0.354085182664357
PSS,2001,NA
PSS,2002,NA
PSS,2003,NA
PSS,2004,NA
PSS,2005,NA
PSS,2006,NA
PSS,2007,NA
PSS,2008,NA
PSS,2009,NA
PSS,2010,0.3452722465590315
PSS,2011,NA
PSS,2012,NA
PSS,2013,NA
PSS,2014,NA
PSS,2015,NA
PSS,2016,NA
PSS,2017,NA
PSS,2018,NA
PSS,2019,NA
PSS,2020,NA
PSS,2021,NA
PSS,2022,NA
PSS,2023,NA
PSS,2024,NA
PST,2000,2.6793332889314003
PST,2001,NA
PST,2002,NA
PST,2003,NA
PST,2004,NA
PST,2005,NA
PST,2006,NA
PST,2007,NA
PST,2008,NA
PST,2009,NA
PST,2010,3.1497098953936633
PST,2011,NA
PST,2012,NA
PST,2013,NA
PST,2014,NA
PST,2015,NA
PST,2016,NA
PST,2017,NA
PST,2018,NA
PST,2019,NA
PST,2020,NA
PST,2021,NA
PST,2022,3.7157316005802414
PST,2023,NA
PST,2024,NA
PYF,2000,1.697
PYF,2001,NA
PYF,2002,NA
PYF,2003,NA
PYF,2004,NA
PYF,2005,NA
PYF,2006,NA
PYF,2007,NA
PYF,2008,NA
PYF,2009,NA
PYF,2010,NA
PYF,2011,NA
PYF,2012,NA
PYF,2013,NA
PYF,2014,NA
PYF,2015,NA
PYF,2016,NA
PYF,2017,NA
PYF,2018,NA
PYF,2019,NA
PYF,2020,NA
PYF,2021,NA
PYF,2022,NA
PYF,2023,NA
PYF,2024,NA
QAT,2000,NA
QAT,2001,2.217
QAT,2002,NA
QAT,2003,NA
QAT,2004,NA
QAT,2005,2.605
QAT,2006,2.378
QAT,2007,NA
QAT,2008,3.231
QAT,2009,3.232
QAT,2010,4.048
QAT,2011,NA
QAT,2012,NA
QAT,2013,NA
QAT,2014,1.927
QAT,2015,NA
QAT,2016,2.751
QAT,2017,NA
QAT,2018,2.504
QAT,2019,NA
QAT,2020,NA
QAT,2021,NA
QAT,2022,NA
QAT,2023,3.022
QAT,2024,NA
ROU,2000,1.961
ROU,2001,1.988
ROU,2002,2.104
ROU,2003,2.007
ROU,2004,2.25
ROU,2005,2.234
ROU,2006,2.231
ROU,2007,2.309
ROU,2008,2.426
ROU,2009,2.449
ROU,2010,2.485
ROU,2011,2.522
ROU,2012,2.598
ROU,2013,2.633
ROU,2014,2.69
ROU,2015,2.758
ROU,2016,2.83
ROU,2017,2.912
ROU,2018,3.028
ROU,2019,3.165
ROU,2020,3.307
ROU,2021,3.486
ROU,2022,3.625
ROU,2023,NA
ROU,2024,NA
RUS,2000,4.636
RUS,2001,4.639
RUS,2002,4.676
RUS,2003,4.705
RUS,2004,4.74
RUS,2005,4.774
RUS,2006,4.873
RUS,2007,4.917
RUS,2008,4.894
RUS,2009,4.944
RUS,2010,4.973
RUS,2011,4.22
RUS,2012,4.003
RUS,2013,3.987
RUS,2014,4.12
RUS,2015,3.925
RUS,2016,3.964
RUS,2017,4.058
RUS,2018,4.097
RUS,2019,4.165
RUS,2020,3.807
RUS,2021,5.087
RUS,2022,5.111
RUS,2023,NA
RUS,2024,NA
RWA,2000,NA
RWA,2001,NA
RWA,2002,0.019
RWA,2003,NA
RWA,2004,0.049
RWA,2005,0.024
RWA,2006,NA
RWA,2007,NA
RWA,2008,0.052
RWA,2009,0.055
RWA,2010,0.055
RWA,2011,0.0129
RWA,2012,NA
RWA,2013,0.1
RWA,2014,0.089
RWA,2015,0.11
RWA,2016,0.12
RWA,2017,0.135
RWA,2018,0.132
RWA,2019,0.117
RWA,2020,0.116
RWA,2021,0.121
RWA,2022,0.09
RWA,2023,NA
RWA,2024,NA
SAS,2000,NA
SAS,2001,NA
SAS,2002,NA
SAS,2003,NA
SAS,2004,NA
SAS,2005,NA
SAS,2006,NA
SAS,2007,NA
SAS,2008,NA
SAS,2009,NA
SAS,2010,NA
SAS,2011,NA
SAS,2012,NA
SAS,2013,NA
SAS,2014,NA
SAS,2015,NA
SAS,2016,NA
SAS,2017,NA
SAS,2018,NA
SAS,2019,NA
SAS,2020,NA
SAS,2021,NA
SAS,2022,0.7340491510181254
SAS,2023,NA
SAS,2024,NA
SAU,2000,0.924
SAU,2001,0.849
SAU,2002,NA
SAU,2003,NA
SAU,2004,NA
SAU,2005,NA
SAU,2006,NA
SAU,2007,NA
SAU,2008,1.971
SAU,2009,1.937
SAU,2010,2.244
SAU,2011,2.27
SAU,2012,2.273
SAU,2013,2.426
SAU,2014,2.371
SAU,2015,2.444
SAU,2016,2.466
SAU,2017,2.676
SAU,2018,2.899
SAU,2019,2.633
SAU,2020,3.076
SAU,2021,3.2
SAU,2022,3.482
SAU,2023,3.406
SAU,2024,NA
SDN,2000,0.158
SDN,2001,NA
SDN,2002,NA
SDN,2003,NA
SDN,2004,0.247
SDN,2005,NA
SDN,2006,0.346
SDN,2007,0.346
SDN,2008,0.322
SDN,2009,NA
SDN,2010,NA
SDN,2011,NA
SDN,2012,NA
SDN,2013,NA
SDN,2014,NA
SDN,2015,0.396
SDN,2016,NA
SDN,2017,0.25
SDN,2018,NA
SDN,2019,NA
SDN,2020,NA
SDN,2021,NA
SDN,2022,NA
SDN,2023,NA
SDN,2024,NA
SEN,2000,NA
SEN,2001,NA
SEN,2002,NA
SEN,2003,NA
SEN,2004,0.054
SEN,2005,NA
SEN,2006,NA
SEN,2007,NA
SEN,2008,0.062
SEN,2009,NA
SEN,2010,NA
SEN,2011,NA
SEN,2012,NA
SEN,2013,0.3179
SEN,2014,NA
SEN,2015,0.2074
SEN,2016,0.077
SEN,2017,0.069
SEN,2018,NA
SEN,2019,0.088
SEN,2020,0.082
SEN,2021,0.099
SEN,2022,0.124
SEN,2023,0.109
SEN,2024,NA
SGP,2000,1.382
SGP,2001,1.439
SGP,2002,1.454
SGP,2003,1.521
SGP,2004,1.556
SGP,2005,1.581
SGP,2006,1.573
SGP,2007,1.606
SGP,2008,1.631
SGP,2009,1.675
SGP,2010,1.779
SGP,2011,1.861
SGP,2012,1.932
SGP,2013,2.034
SGP,2014,2.15
SGP,2015,2.255
SGP,2016,2.325
SGP,2017,2.389
SGP,2018,2.443
SGP,2019,2.519
SGP,2020,2.638
SGP,2021,2.781
SGP,2022,2.834
SGP,2023,NA
SGP,2024,NA
SLB,2000,NA
SLB,2001,NA
SLB,2002,NA
SLB,2003,0.129
SLB,2004,NA
SLB,2005,0.184
SLB,2006,NA
SLB,2007,NA
SLB,2008,0.175
SLB,2009,NA
SLB,2010,NA
SLB,2011,0.197
SLB,2012,0.15
SLB,2013,0.18
SLB,2014,NA
SLB,2015,NA
SLB,2016,0.181
SLB,2017,NA
SLB,2018,NA
SLB,2019,NA
SLB,2020,NA
SLB,2021,NA
SLB,2022,NA
SLB,2023,0.238
SLB,2024,NA
SLE,2000,NA
SLE,2001,NA
SLE,2002,NA
SLE,2003,NA
SLE,2004,0.031
SLE,2005,NA
SLE,2006,NA
SLE,2007,NA
SLE,2008,0.0155
SLE,2009,NA
SLE,2010,0.022
SLE,2011,0.026
SLE,2012,NA
SLE,2013,NA
SLE,2014,NA
SLE,2015,NA
SLE,2016,NA
SLE,2017,NA
SLE,2018,0.075
SLE,2019,0.033
SLE,2020,0.073
SLE,2021,NA
SLE,2022,0.134
SLE,2023,NA
SLE,2024,NA
SLV,2000,NA
SLV,2001,NA
SLV,2002,1.326
SLV,2003,NA
SLV,2004,NA
SLV,2005,1.724
SLV,2006,NA
SLV,2007,NA
SLV,2008,1.914
SLV,2009,NA
SLV,2010,NA
SLV,2011,NA
SLV,2012,NA
SLV,2013,NA
SLV,2014,NA
SLV,2015,NA
SLV,2016,1.5662
SLV,2017,NA
SLV,2018,2.963
SLV,2019,NA
SLV,2020,NA
SLV,2021,2.94
SLV,2022,1.566
SLV,2023,1.616
SLV,2024,NA
SMR,2000,NA
SMR,2001,NA
SMR,2002,NA
SMR,2003,NA
SMR,2004,NA
SMR,2005,NA
SMR,2006,NA
SMR,2007,NA
SMR,2008,NA
SMR,2009,NA
SMR,2010,NA
SMR,2011,4.814
SMR,2012,4.896
SMR,2013,4.881
SMR,2014,5.964
SMR,2015,NA
SMR,2016,NA
SMR,2017,NA
SMR,2018,NA
SMR,2019,NA
SMR,2020,NA
SMR,2021,NA
SMR,2022,4.663
SMR,2023,4.629
SMR,2024,NA
SOM,2000,NA
SOM,2001,NA
SOM,2002,NA
SOM,2003,NA
SOM,2004,NA
SOM,2005,NA
SOM,2006,0.027
SOM,2007,NA
SOM,2008,NA
SOM,2009,NA
SOM,2010,NA
SOM,2011,NA
SOM,2012,NA
SOM,2013,NA
SOM,2014,0.048
SOM,2015,NA
SOM,2016,NA
SOM,2017,NA
SOM,2018,NA
SOM,2019,NA
SOM,2020,NA
SOM,2021,NA
SOM,2022,NA
SOM,2023,NA
SOM,2024,NA
SRB,2000,NA
SRB,2001,NA
SRB,2002,NA
SRB,2003,2.707
SRB,2004,2.772
SRB,2005,2.757
SRB,2006,2.783
SRB,2007,2.852
SRB,2008,2.943
SRB,2009,2.973
SRB,2010,3.017
SRB,2011,3.043
SRB,2012,3.047
SRB,2013,3.058
SRB,2014,3.03
SRB,2015,3.043
SRB,2016,2.926
SRB,2017,2.937
SRB,2018,2.966
SRB,2019,NA
SRB,2020,2.875
SRB,2021,3.029
SRB,2022,3.099
SRB,2023,NA
SRB,2024,NA
SSA,2000,NA
SSA,2001,NA
SSA,2002,NA
SSA,2003,NA
SSA,2004,NA
SSA,2005,NA
SSA,2006,NA
SSA,2007,NA
SSA,2008,NA
SSA,2009,NA
SSA,2010,0.20188014220692346
SSA,2011,NA
SSA,2012,NA
SSA,2013,NA
SSA,2014,NA
SSA,2015,NA
SSA,2016,NA
SSA,2017,NA
SSA,2018,NA
SSA,2019,NA
SSA,2020,NA
SSA,2021,NA
SSA,2022,0.2612598411718748
SSA,2023,NA
SSA,2024,NA
SSD,2000,NA
SSD,2001,NA
SSD,2002,NA
SSD,2003,NA
SSD,2004,NA
SSD,2005,NA
SSD,2006,NA
SSD,2007,NA
SSD,2008,NA
SSD,2009,NA
SSD,2010,NA
SSD,2011,NA
SSD,2012,NA
SSD,2013,NA
SSD,2014,NA
SSD,2015,NA
SSD,2016,NA
SSD,2017,NA
SSD,2018,0.041
SSD,2019,0.033
SSD,2020,0.043
SSD,2021,NA
SSD,2022,0.041
SSD,2023,NA
SSD,2024,NA
SSF,2000,0.12684015290203954
SSF,2001,NA
SSF,2002,NA
SSF,2003,NA
SSF,2004,NA
SSF,2005,NA
SSF,2006,NA
SSF,2007,NA
SSF,2008,NA
SSF,2009,NA
SSF,2010,0.1833212330096786
SSF,2011,NA
SSF,2012,NA
SSF,2013,NA
SSF,2014,NA
SSF,2015,NA
SSF,2016,NA
SSF,2017,NA
SSF,2018,NA
SSF,2019,NA
SSF,2020,NA
SSF,2021,NA
SSF,2022,0.24964665593191762
SSF,2023,NA
SSF,2024,NA
SST,2000,1.0976012439747314
SST,2001,NA
SST,2002,NA
SST,2003,NA
SST,2004,NA
SST,2005,NA
SST,2006,NA
SST,2007,NA
SST,2008,NA
SST,2009,NA
SST,2010,1.2161040882953558
SST,2011,NA
SST,2012,NA
SST,2013,NA
SST,2014,NA
SST,2015,NA
SST,2016,NA
SST,2017,NA
SST,2018,NA
SST,2019,NA
SST,2020,NA
SST,2021,NA
SST,2022,1.873761185923902
SST,2023,NA
SST,2024,NA
STP,2000,NA
STP,2001,NA
STP,2002,NA
STP,2003,NA
STP,2004,0.514
STP,2005,NA
STP,2006,NA
STP,2007,NA
STP,2008,NA
STP,2009,NA
STP,2010,NA
STP,2011,NA
STP,2012,NA
STP,2013,NA
STP,2014,NA
STP,2015,0.315
STP,2016,NA
STP,2017,NA
STP,2018,NA
STP,2019,0.492
STP,2020,NA
STP,2021,NA
STP,2022,0.464
STP,2023,NA
STP,2024,NA
SUR,2000,0.401
SUR,2001,NA
SUR,2002,NA
SUR,2003,NA
SUR,2004,0.778
SUR,2005,NA
SUR,2006,NA
SUR,2007,NA
SUR,2008,NA
SUR,2009,0.679
SUR,2010,NA
SUR,2011,NA
SUR,2012,NA
SUR,2013,NA
SUR,2014,NA
SUR,2015,1.006
SUR,2016,1.087
SUR,2017,1.139
SUR,2018,0.787
SUR,2019,NA
SUR,2020,NA
SUR,2021,1.466
SUR,2022,NA
SUR,2023,1.355
SUR,2024,NA
SVK,2000,3.238
SVK,2001,3.223
SVK,2002,3.201
SVK,2003,3.148
SVK,2004,3.151
SVK,2005,3.035
SVK,2006,3.169
SVK,2007,3.388
SVK,2008,3.369
SVK,2009,3.305
SVK,2010,3.359
SVK,2011,3.307
SVK,2012,3.366
SVK,2013,3.393
SVK,2014,3.43
SVK,2015,3.454
SVK,2016,3.476
SVK,2017,3.423
SVK,2018,3.523
SVK,2019,3.569
SVK,2020,3.671
SVK,2021,3.683
SVK,2022,3.697
SVK,2023,NA
SVK,2024,NA
SVN,2000,2.154
SVN,2001,2.174
SVN,2002,2.229
SVN,2003,2.251
SVN,2004,2.302
SVN,2005,2.35
SVN,2006,2.366
SVN,2007,2.39
SVN,2008,2.397
SVN,2009,2.415
SVN,2010,2.435
SVN,2011,2.5
SVN,2012,2.546
SVN,2013,2.634
SVN,2014,2.775
SVN,2015,2.83
SVN,2016,3.019
SVN,2017,3.107
SVN,2018,3.185
SVN,2019,3.27
SVN,2020,3.303
SVN,2021,3.335
SVN,2022,3.367
SVN,2023,NA
SVN,2024,NA
SWE,2000,3.026
SWE,2001,3.121
SWE,2002,3.212
SWE,2003,3.283
SWE,2004,3.373
SWE,2005,3.454
SWE,2006,3.543
SWE,2007,3.625
SWE,2008,3.681
SWE,2009,3.749
SWE,2010,3.808
SWE,2011,3.888
SWE,2012,3.967
SWE,2013,4.043
SWE,2014,4.109
SWE,2015,4.174
SWE,2016,4.233
SWE,2017,4.269
SWE,2018,4.322
SWE,2019,4.288
SWE,2020,4.322
SWE,2021,4.408
SWE,2022,NA
SWE,2023,NA
SWE,2024,NA
SWZ,2000,NA
SWZ,2001,0.17
SWZ,2002,NA
SWZ,2003,0.15
SWZ,2004,0.159
SWZ,2005,NA
SWZ,2006,NA
SWZ,2007,NA
SWZ,2008,NA
SWZ,2009,0.157
SWZ,2010,NA
SWZ,2011,0.098
SWZ,2012,NA
SWZ,2013,NA
SWZ,2014,NA
SWZ,2015,NA
SWZ,2016,0.093
SWZ,2017,0.18
SWZ,2018,0.238
SWZ,2019,NA
SWZ,2020,0.138
SWZ,2021,NA
SWZ,2022,0.561
SWZ,2023,0.557
SWZ,2024,NA
SXM,2000,NA
SXM,2001,NA
SXM,2002,NA
SXM,2003,NA
SXM,2004,NA
SXM,2005,NA
SXM,2006,NA
SXM,2007,NA
SXM,2008,NA
SXM,2009,NA
SXM,2010,NA
SXM,2011,NA
SXM,2012,NA
SXM,2013,NA
SXM,2014,NA
SXM,2015,NA
SXM,2016,NA
SXM,2017,NA
SXM,2018,NA
SXM,2019,NA
SXM,2020,NA
SXM,2021,NA
SXM,2022,NA
SXM,2023,NA
SXM,2024,NA
SYC,2000,NA
SYC,2001,NA
SYC,2002,NA
SYC,2003,NA
SYC,2004,1.372
SYC,2005,1.165
SYC,2006,0.83
SYC,2007,0.995
SYC,2008,0.757
SYC,2009,1.1
SYC,2010,1.053
SYC,2011,1.103
SYC,2012,0.935
SYC,2013,NA
SYC,2014,NA
SYC,2015,NA
SYC,2016,1.849
SYC,2017,NA
SYC,2018,2.087
SYC,2019,1.869
SYC,2020,NA
SYC,2021,3.634
SYC,2022,6.598
SYC,2023,NA
SYC,2024,NA
SYR,2000,1.347
SYR,2001,NA
SYR,2002,1.435
SYR,2003,1.368
SYR,2004,1.412
SYR,2005,1.501
SYR,2006,NA
SYR,2007,1.417
SYR,2008,1.419
SYR,2009,1.362
SYR,2010,1.388
SYR,2011,NA
SYR,2012,NA
SYR,2013,NA
SYR,2014,1.432
SYR,2015,NA
SYR,2016,1.172
SYR,2017,1.468
SYR,2018,1.5
SYR,2019,1.517
SYR,2020,1.5
SYR,2021,1.521
SYR,2022,NA
SYR,2023,NA
SYR,2024,NA
TCA,2000,NA
TCA,2001,NA
TCA,2002,NA
TCA,2003,NA
TCA,2004,NA
TCA,2005,NA
TCA,2006,NA
TCA,2007,NA
TCA,2008,NA
TCA,2009,NA
TCA,2010,NA
TCA,2011,NA
TCA,2012,NA
TCA,2013,NA
TCA,2014,NA
TCA,2015,NA
TCA,2016,NA
TCA,2017,NA
TCA,2018,NA
TCA,2019,NA
TCA,2020,NA
TCA,2021,NA
TCA,2022,NA
TCA,2023,NA
TCA,2024,NA
TCD,2000,0.028
TCD,2001,NA
TCD,2002,NA
TCD,2003,NA
TCD,2004,0.035
TCD,2005,NA
TCD,2006,0.034
TCD,2007,NA
TCD,2008,NA
TCD,2009,NA
TCD,2010,NA
TCD,2011,NA
TCD,2012,0.04
TCD,2013,0.042
TCD,2014,0.043
TCD,2015,0.048
TCD,2016,0.036
TCD,2017,0.042
TCD,2018,0.05
TCD,2019,0.052
TCD,2020,0.058
TCD,2021,0.056
TCD,2022,0.082
TCD,2023,0.085
TCD,2024,NA
TEA,2000,1.1344976964965414
TEA,2001,NA
TEA,2002,NA
TEA,2003,NA
TEA,2004,NA
TEA,2005,NA
TEA,2006,NA
TEA,2007,NA
TEA,2008,NA
TEA,2009,NA
TEA,2010,1.1426347835933672
TEA,2011,NA
TEA,2012,NA
TEA,2013,NA
TEA,2014,NA
TEA,2015,NA
TEA,2016,NA
TEA,2017,NA
TEA,2018,NA
TEA,2019,NA
TEA,2020,NA
TEA,2021,NA
TEA,2022,2.338242460028502
TEA,2023,NA
TEA,2024,NA
TEC,2000,3.1360640469281083
TEC,2001,NA
TEC,2002,NA
TEC,2003,NA
TEC,2004,NA
TEC,2005,NA
TEC,2006,NA
TEC,2007,NA
TEC,2008,NA
TEC,2009,NA
TEC,2010,3.3462833996114894
TEC,2011,NA
TEC,2012,NA
TEC,2013,NA
TEC,2014,NA
TEC,2015,NA
TEC,2016,NA
TEC,2017,NA
TEC,2018,NA
TEC,2019,NA
TEC,2020,NA
TEC,2021,NA
TEC,2022,3.7184317791344945
TEC,2023,NA
TEC,2024,NA
TGO,2000,NA
TGO,2001,0.057
TGO,2002,NA
TGO,2003,NA
TGO,2004,0.043
TGO,2005,NA
TGO,2006,NA
TGO,2007,0.047
TGO,2008,0.055
TGO,2009,NA
TGO,2010,0.0506
TGO,2011,NA
TGO,2012,NA
TGO,2013,NA
TGO,2014,NA
TGO,2015,0.047
TGO,2016,0.044
TGO,2017,0.072
TGO,2018,0.074
TGO,2019,0.074
TGO,2020,0.079
TGO,2021,0.057
TGO,2022,0.08
TGO,2023,NA
TGO,2024,NA
THA,2000,NA
THA,2001,0.298
THA,2002,0.295
THA,2003,NA
THA,2004,0.289
THA,2005,NA
THA,2006,0.284
THA,2007,0.292
THA,2008,0.311
THA,2009,0.333
THA,2010,0.383
THA,2011,NA
THA,2012,NA
THA,2013,NA
THA,2014,NA
THA,2015,0.453
THA,2016,0.433
THA,2017,0.788
THA,2018,0.518
THA,2019,0.548
THA,2020,0.509
THA,2021,0.541
THA,2022,NA
THA,2023,NA
THA,2024,NA
TJK,2000,2.148
TJK,2001,2.095
TJK,2002,2.008
TJK,2003,1.906
TJK,2004,1.914
TJK,2005,1.917
TJK,2006,1.88
TJK,2007,1.861
TJK,2008,1.895
TJK,2009,1.616
TJK,2010,1.67
TJK,2011,1.693
TJK,2012,1.697
TJK,2013,1.677
TJK,2014,1.727
TJK,2015,1.747
TJK,2016,1.754
TJK,2017,1.785
TJK,2018,1.934
TJK,2019,1.933
TJK,2020,1.995
TJK,2021,1.949
TJK,2022,1.939
TJK,2023,1.87
TJK,2024,NA
TKM,2000,2.708
TKM,2001,2.702
TKM,2002,2.657
TKM,2003,2.551
TKM,2004,2.479
TKM,2005,2.356
TKM,2006,2.236
TKM,2007,2.175
TKM,2008,2.126
TKM,2009,2.105
TKM,2010,2.079
TKM,2011,2.079
TKM,2012,2.029
TKM,2013,1.999
TKM,2014,2.002
TKM,2015,1.974
TKM,2016,1.959
TKM,2017,1.969
TKM,2018,1.971
TKM,2019,1.957
TKM,2020,1.96
TKM,2021,1.917
TKM,2022,1.916
TKM,2023,1.93
TKM,2024,NA
TLA,2000,1.5125306484516314
TLA,2001,NA
TLA,2002,NA
TLA,2003,NA
TLA,2004,NA
TLA,2005,NA
TLA,2006,NA
TLA,2007,NA
TLA,2008,NA
TLA,2009,NA
TLA,2010,1.8968811133597248
TLA,2011,NA
TLA,2012,NA
TLA,2013,NA
TLA,2014,NA
TLA,2015,NA
TLA,2016,NA
TLA,2017,NA
TLA,2018,NA
TLA,2019,NA
TLA,2020,NA
TLA,2021,NA
TLA,2022,2.453801036377183
TLA,2023,NA
TLA,2024,NA
TLS,2000,NA
TLS,2001,NA
TLS,2002,NA
TLS,2003,NA
TLS,2004,0.082
TLS,2005,NA
TLS,2006,NA
TLS,2007,0.034
TLS,2008,0.037
TLS,2009,0.044
TLS,2010,0.079
TLS,2011,0.078
TLS,2012,NA
TLS,2013,0.615
TLS,2014,0.678
TLS,2015,0.69
TLS,2016,NA
TLS,2017,0.745
TLS,2018,0.718
TLS,2019,0.764
TLS,2020,0.752
TLS,2021,NA
TLS,2022,NA
TLS,2023,NA
TLS,2024,NA
TMN,2000,0.7674252839217858
TMN,2001,NA
TMN,2002,NA
TMN,2003,NA
TMN,2004,NA
TMN,2005,NA
TMN,2006,NA
TMN,2007,NA
TMN,2008,NA
TMN,2009,NA
TMN,2010,NA
TMN,2011,NA
TMN,2012,NA
TMN,2013,NA
TMN,2014,NA
TMN,2015,NA
TMN,2016,NA
TMN,2017,NA
TMN,2018,NA
TMN,2019,NA
TMN,2020,NA
TMN,2021,NA
TMN,2022,1.1212541056068328
TMN,2023,NA
TMN,2024,NA
TON,2000,0.499
TON,2001,0.339
TON,2002,0.289
TON,2003,NA
TON,2004,NA
TON,2005,NA
TON,2006,NA
TON,2007,NA
TON,2008,0.533
TON,2009,0.578
TON,2010,0.54
TON,2011,NA
TON,2012,NA
TON,2013,0.514
TON,2014,NA
TON,2015,NA
TON,2016,NA
TON,2017,NA
TON,2018,NA
TON,2019,1.012
TON,2020,0.946
TON,2021,1.014
TON,2022,NA
TON,2023,NA
TON,2024,NA
TSA,2000,NA
TSA,2001,NA
TSA,2002,NA
TSA,2003,NA
TSA,2004,NA
TSA,2005,NA
TSA,2006,NA
TSA,2007,NA
TSA,2008,NA
TSA,2009,NA
TSA,2010,NA
TSA,2011,NA
TSA,2012,NA
TSA,2013,NA
TSA,2014,NA
TSA,2015,NA
TSA,2016,NA
TSA,2017,NA
TSA,2018,NA
TSA,2019,NA
TSA,2020,NA
TSA,2021,NA
TSA,2022,0.7340491510181254
TSA,2023,NA
TSA,2024,NA
TSS,2000,0.12684015290203957
TSS,2001,NA
TSS,2002,NA
TSS,2003,NA
TSS,2004,NA
TSS,2005,NA
TSS,2006,NA
TSS,2007,NA
TSS,2008,NA
TSS,2009,NA
TSS,2010,0.18332123300967856
TSS,2011,NA
TSS,2012,NA
TSS,2013,NA
TSS,2014,NA
TSS,2015,NA
TSS,2016,NA
TSS,2017,NA
TSS,2018,NA
TSS,2019,NA
TSS,2020,NA
TSS,2021,NA
TSS,2022,0.24964665593191768
TSS,2023,NA
TSS,2024,NA
TTO,2000,0.966
TTO,2001,0.931
TTO,2002,0.791
TTO,2003,0.775
TTO,2004,NA
TTO,2005,NA
TTO,2006,1.172
TTO,2007,1.13
TTO,2008,NA
TTO,2009,1.444
TTO,2010,1.732
TTO,2011,1.743
TTO,2012,NA
TTO,2013,NA
TTO,2014,NA
TTO,2015,2.541
TTO,2016,NA
TTO,2017,3.222
TTO,2018,3.939
TTO,2019,4.205
TTO,2020,4.298
TTO,2021,4.157
TTO,2022,NA
TTO,2023,NA
TTO,2024,NA
TUN,2000,0.762
TUN,2001,0.787
TUN,2002,0.799
TUN,2003,0.813
TUN,2004,1.311
TUN,2005,0.919
TUN,2006,NA
TUN,2007,1.011
TUN,2008,1.094
TUN,2009,NA
TUN,2010,1.207
TUN,2011,NA
TUN,2012,NA
TUN,2013,NA
TUN,2014,1.253
TUN,2015,1.285
TUN,2016,1.258
TUN,2017,1.278
TUN,2018,NA
TUN,2019,1.299
TUN,2020,1.315
TUN,2021,1.315
TUN,2022,NA
TUN,2023,NA
TUN,2024,NA
TUR,2000,1.303
TUR,2001,1.356
TUR,2002,1.371
TUR,2003,1.393
TUR,2004,1.416
TUR,2005,1.455
TUR,2006,1.492
TUR,2007,1.532
TUR,2008,1.581
TUR,2009,1.637
TUR,2010,1.683
TUR,2011,1.698
TUR,2012,1.726
TUR,2013,1.751
TUR,2014,1.738
TUR,2015,1.765
TUR,2016,1.774
TUR,2017,1.805
TUR,2018,1.814
TUR,2019,1.884
TUR,2020,1.989
TUR,2021,2.118
TUR,2022,2.236
TUR,2023,NA
TUR,2024,NA
TUV,2000,NA
TUV,2001,NA
TUV,2002,0.625
TUV,2003,1.031
TUV,2004,NA
TUV,2005,NA
TUV,2006,NA
TUV,2007,NA
TUV,2008,0.971
TUV,2009,1.143
TUV,2010,NA
TUV,2011,NA
TUV,2012,NA
TUV,2013,NA
TUV,2014,0.909
TUV,2015,NA
TUV,2016,NA
TUV,2017,NA
TUV,2018,NA
TUV,2019,NA
TUV,2020,1.346
TUV,2021,NA
TUV,2022,NA
TUV,2023,NA
TUV,2024,NA
TZA,2000,NA
TZA,2001,NA
TZA,2002,0.023
TZA,2003,NA
TZA,2004,NA
TZA,2005,NA
TZA,2006,NA
TZA,2007,NA
TZA,2008,NA
TZA,2009,NA
TZA,2010,NA
TZA,2011,NA
TZA,2012,0.031
TZA,2013,NA
TZA,2014,0.06
TZA,2015,NA
TZA,2016,NA
TZA,2017,NA
TZA,2018,0.05
TZA,2019,NA
TZA,2020,NA
TZA,2021,NA
TZA,2022,0.134
TZA,2023,NA
TZA,2024,NA
UGA,2000,NA
UGA,2001,NA
UGA,2002,0.047
UGA,2003,NA
UGA,2004,0.081
UGA,2005,0.12
UGA,2006,NA
UGA,2007,NA
UGA,2008,NA
UGA,2009,NA
UGA,2010,NA
UGA,2011,NA
UGA,2012,0.098
UGA,2013,NA
UGA,2014,NA
UGA,2015,0.097
UGA,2016,NA
UGA,2017,0.172
UGA,2018,NA
UGA,2019,NA
UGA,2020,0.158
UGA,2021,NA
UGA,2022,0.191
UGA,2023,NA
UGA,2024,NA
UKR,2000,2.986
UKR,2001,2.984
UKR,2002,2.976
UKR,2003,2.964
UKR,2004,2.968
UKR,2005,2.974
UKR,2006,3.04
UKR,2007,3.043
UKR,2008,3.074
UKR,2009,3.442
UKR,2010,3.433
UKR,2011,3.432
UKR,2012,3.434
UKR,2013,3.433
UKR,2014,2.936
UKR,2015,NA
UKR,2016,NA
UKR,2017,NA
UKR,2018,NA
UKR,2019,NA
UKR,2020,NA
UKR,2021,NA
UKR,2022,NA
UKR,2023,3.531
UKR,2024,NA
UMC,2000,1.3809392150038413
UMC,2001,NA
UMC,2002,NA
UMC,2003,NA
UMC,2004,NA
UMC,2005,NA
UMC,2006,NA
UMC,2007,NA
UMC,2008,NA
UMC,2009,NA
UMC,2010,1.5000664372610746
UMC,2011,NA
UMC,2012,NA
UMC,2013,NA
UMC,2014,NA
UMC,2015,NA
UMC,2016,NA
UMC,2017,NA
UMC,2018,NA
UMC,2019,NA
UMC,2020,NA
UMC,2021,NA
UMC,2022,2.5335700028018624
UMC,2023,NA
UMC,2024,NA
URY,2000,NA
URY,2001,NA
URY,2002,3.777
URY,2003,NA
URY,2004,NA
URY,2005,NA
URY,2006,NA
URY,2007,NA
URY,2008,3.996
URY,2009,NA
URY,2010,NA
URY,2011,NA
URY,2012,NA
URY,2013,NA
URY,2014,NA
URY,2015,NA
URY,2016,4.008
URY,2017,5.01
URY,2018,NA
URY,2019,NA
URY,2020,NA
URY,2021,4.548
URY,2022,4.674
URY,2023,NA
URY,2024,NA
USA,2000,2.596
USA,2001,NA
USA,2002,NA
USA,2003,NA
USA,2004,2.711
USA,2005,NA
USA,2006,NA
USA,2007,NA
USA,2008,NA
USA,2009,NA
USA,2010,NA
USA,2011,NA
USA,2012,NA
USA,2013,NA
USA,2014,NA
USA,2015,NA
USA,2016,NA
USA,2017,NA
USA,2018,2.548
USA,2019,3.482
USA,2020,3.518
USA,2021,3.575
USA,2022,3.681
USA,2023,NA
USA,2024,NA
UZB,2000,2.961
UZB,2001,2.911
UZB,2002,2.849
UZB,2003,2.786
UZB,2004,2.726
UZB,2005,2.677
UZB,2006,2.662
UZB,2007,2.645
UZB,2008,2.617
UZB,2009,2.582
UZB,2010,2.555
UZB,2011,2.517
UZB,2012,2.461
UZB,2013,2.421
UZB,2014,2.39
UZB,2015,2.363
UZB,2016,2.298
UZB,2017,2.27
UZB,2018,2.329
UZB,2019,2.322
UZB,2020,2.31
UZB,2021,2.805
UZB,2022,NA
UZB,2023,NA
UZB,2024,NA
VCT,2000,0.784
VCT,2001,0.546
VCT,2002,NA
VCT,2003,NA
VCT,2004,0.895
VCT,2005,NA
VCT,2006,NA
VCT,2007,NA
VCT,2008,NA
VCT,2009,NA
VCT,2010,0.655
VCT,2011,NA
VCT,2012,0.938
VCT,2013,NA
VCT,2014,NA
VCT,2015,NA
VCT,2016,NA
VCT,2017,NA
VCT,2018,NA
VCT,2019,NA
VCT,2020,NA
VCT,2021,NA
VCT,2022,NA
VCT,2023,NA
VCT,2024,NA
VEN,2000,NA
VEN,2001,1.922
VEN,2002,NA
VEN,2003,NA
VEN,2004,NA
VEN,2005,NA
VEN,2006,NA
VEN,2007,NA
VEN,2008,NA
VEN,2009,NA
VEN,2010,NA
VEN,2011,NA
VEN,2012,NA
VEN,2013,NA
VEN,2014,NA
VEN,2015,NA
VEN,2016,NA
VEN,2017,1.664
VEN,2018,NA
VEN,2019,NA
VEN,2020,NA
VEN,2021,NA
VEN,2022,NA
VEN,2023,NA
VEN,2024,NA
VGB,2000,NA
VGB,2001,NA
VGB,2002,NA
VGB,2003,NA
VGB,2004,NA
VGB,2005,NA
VGB,2006,NA
VGB,2007,NA
VGB,2008,NA
VGB,2009,NA
VGB,2010,NA
VGB,2011,NA
VGB,2012,NA
VGB,2013,NA
VGB,2014,NA
VGB,2015,NA
VGB,2016,NA
VGB,2017,NA
VGB,2018,NA
VGB,2019,NA
VGB,2020,NA
VGB,2021,NA
VGB,2022,NA
VGB,2023,NA
VGB,2024,NA
VIR,2000,NA
VIR,2001,NA
VIR,2002,NA
VIR,2003,NA
VIR,2004,NA
VIR,2005,NA
VIR,2006,NA
VIR,2007,NA
VIR,2008,NA
VIR,2009,NA
VIR,2010,NA
VIR,2011,NA
VIR,2012,NA
VIR,2013,NA
VIR,2014,NA
VIR,2015,NA
VIR,2016,NA
VIR,2017,NA
VIR,2018,NA
VIR,2019,NA
VIR,2020,NA
VIR,2021,NA
VIR,2022,NA
VIR,2023,NA
VIR,2024,NA
VNM,2000,NA
VNM,2001,0.543
VNM,2002,0.571
VNM,2003,NA
VNM,2004,NA
VNM,2005,0.635
VNM,2006,0.643
VNM,2007,0.655
VNM,2008,0.673
VNM,2009,0.703
VNM,2010,0.714
VNM,2011,NA
VNM,2012,0.824
VNM,2013,NA
VNM,2014,0.783
VNM,2015,0.795
VNM,2016,0.825
VNM,2017,NA
VNM,2018,0.881
VNM,2019,0.99
VNM,2020,0.856
VNM,2021,1.107
VNM,2022,NA
VNM,2023,NA
VNM,2024,NA
VUT,2000,NA
VUT,2001,NA
VUT,2002,NA
VUT,2003,NA
VUT,2004,0.146
VUT,2005,NA
VUT,2006,NA
VUT,2007,0.118
VUT,2008,0.115
VUT,2009,NA
VUT,2010,NA
VUT,2011,NA
VUT,2012,0.185
VUT,2013,NA
VUT,2014,NA
VUT,2015,NA
VUT,2016,0.169
VUT,2017,NA
VUT,2018,0.137
VUT,2019,0.164
VUT,2020,NA
VUT,2021,NA
VUT,2022,NA
VUT,2023,NA
VUT,2024,NA
WLD,2000,1.522970576358791
WLD,2001,NA
WLD,2002,NA
WLD,2003,NA
WLD,2004,NA
WLD,2005,NA
WLD,2006,NA
WLD,2007,NA
WLD,2008,NA
WLD,2009,NA
WLD,2010,1.4907268795430084
WLD,2011,NA
WLD,2012,NA
WLD,2013,NA
WLD,2014,NA
WLD,2015,NA
WLD,2016,NA
WLD,2017,NA
WLD,2018,NA
WLD,2019,NA
WLD,2020,NA
WLD,2021,NA
WLD,2022,1.8606986259931693
WLD,2023,NA
WLD,2024,NA
WSM,2000,NA
WSM,2001,NA
WSM,2002,NA
WSM,2003,0.27
WSM,2004,NA
WSM,2005,0.267
WSM,2006,NA
WSM,2007,NA
WSM,2008,0.447
WSM,2009,NA
WSM,2010,0.332
WSM,2011,NA
WSM,2012,NA
WSM,2013,0.464
WSM,2014,NA
WSM,2015,NA
WSM,2016,0.329
WSM,2017,NA
WSM,2018,NA
WSM,2019,0.558
WSM,2020,0.562
WSM,2021,0.561
WSM,2022,NA
WSM,2023,NA
WSM,2024,NA
XKX,2000,NA
XKX,2001,NA
XKX,2002,NA
XKX,2003,NA
XKX,2004,NA
XKX,2005,NA
XKX,2006,NA
XKX,2007,NA
XKX,2008,NA
XKX,2009,NA
XKX,2010,NA
XKX,2011,NA
XKX,2012,NA
XKX,2013,NA
XKX,2014,NA
XKX,2015,NA
XKX,2016,NA
XKX,2017,NA
XKX,2018,NA
XKX,2019,NA
XKX,2020,NA
XKX,2021,NA
XKX,2022,NA
XKX,2023,NA
XKX,2024,NA
YEM,2000,NA
YEM,2001,NA
YEM,2002,NA
YEM,2003,NA
YEM,2004,0.305
YEM,2005,NA
YEM,2006,NA
YEM,2007,NA
YEM,2008,0.275
YEM,2009,0.275
YEM,2010,NA
YEM,2011,NA
YEM,2012,NA
YEM,2013,NA
YEM,2014,0.27
YEM,2015,NA
YEM,2016,NA
YEM,2017,NA
YEM,2018,NA
YEM,2019,NA
YEM,2020,0.176
YEM,2021,0.174
YEM,2022,0.165
YEM,2023,0.098
YEM,2024,NA
ZAF,2000,NA
ZAF,2001,NA
ZAF,2002,NA
ZAF,2003,NA
ZAF,2004,0.711
ZAF,2005,NA
ZAF,2006,NA
ZAF,2007,0.679
ZAF,2008,0.679
ZAF,2009,0.69
ZAF,2010,0.705
ZAF,2011,0.709
ZAF,2012,0.715
ZAF,2013,0.729
ZAF,2014,0.74
ZAF,2015,0.763
ZAF,2016,0.753
ZAF,2017,0.775
ZAF,2018,0.742
ZAF,2019,0.779
ZAF,2020,NA
ZAF,2021,0.781
ZAF,2022,0.794
ZAF,2023,NA
ZAF,2024,NA
ZMB,2000,NA
ZMB,2001,NA
ZMB,2002,NA
ZMB,2003,NA
ZMB,2004,0.132
ZMB,2005,0.055
ZMB,2006,0.054
ZMB,2007,NA
ZMB,2008,0.061
ZMB,2009,0.059
ZMB,2010,0.06
ZMB,2011,NA
ZMB,2012,NA
ZMB,2013,NA
ZMB,2014,NA
ZMB,2015,NA
ZMB,2016,0.09
ZMB,2017,NA
ZMB,2018,0.224
ZMB,2019,0.237
ZMB,2020,0.253
ZMB,2021,0.295
ZMB,2022,0.324
ZMB,2023,NA
ZMB,2024,NA
ZWE,2000,0.126
ZWE,2001,NA
ZWE,2002,NA
ZWE,2003,NA
ZWE,2004,0.169
ZWE,2005,0.121
ZWE,2006,NA
ZWE,2007,0.0544
ZWE,2008,0.0596
ZWE,2009,0.115
ZWE,2010,0.121
ZWE,2011,0.078
ZWE,2012,0.077
ZWE,2013,0.08
ZWE,2014,0.119
ZWE,2015,0.174
ZWE,2016,0.172
ZWE,2017,0.179
ZWE,2018,0.201
ZWE,2019,0.123
ZWE,2020,0.128
ZWE,2021,0.136
ZWE,2022,0.127
ZWE,2023,0.136
ZWE,2024,NA
